,Player,Tm,FantPos,Age,G,GS,Cmp,Att,Yds,TD,Int,Att,Yds,Y/A,TD,Tgt,Rec,Yds,Y/R,TD,Fmb,FL,TD,2PM,2PP,FantPt,PPR,DKPt,FDPt,VBD,PosRank,OvRank,Season
0,Aaron Rodgers*+,GNB,QB,28,15,15,343,502,4643,45,6,60,257,4.28,3,0,0,0,N/A,0,4,N/A,3,N/A,N/A,397,397.4,409.4,403.4,175,1,1,2011
1,Drew Brees*,NOR,QB,32,16,16,468,657,5476,46,14,21,86,4.10,1,0,0,0,N/A,0,1,1,1,N/A,3,394,393.6,411.6,407.6,171,2,2,2011
2,Ray Rice*,BAL,RB,24,16,16,1,1,1,1,0,291,1364,4.69,12,104,76,704,9.26,3,2,2,15,N/A,N/A,297,372.8,380.8,334.8,149,1,3,2011
3,Calvin Johnson*+,DET,WR,26,16,16,0,0,0,0,0,1,11,11.00,0,158,96,1681,17.51,16,1,1,16,N/A,N/A,263,359.2,363.2,311.2,148,1,4,2011
4,Cam Newton*,CAR,QB,22,16,16,310,517,4051,21,17,126,706,5.60,14,1,1,27,27.00,0,5,2,14,N/A,2,369,370.3,395.3,386.8,147,3,5,2011
5,Rob Gronkowski*+,NWE,TE,22,16,16,0,0,0,0,0,1,2,2.00,1,124,90,1327,14.74,17,0,N/A,18,N/A,N/A,241,330.9,333.9,285.9,145,1,6,2011
6,Tom Brady*,NWE,QB,34,16,16,401,611,5235,39,12,43,109,2.53,3,0,0,0,N/A,0,6,2,3,N/A,N/A,366,366.3,386.3,378.3,144,4,7,2011
7,LeSean McCoy*+,PHI,RB,23,15,15,0,0,0,0,0,273,1309,4.79,17,69,48,315,6.56,3,1,1,20,N/A,N/A,280,328.4,335.4,304.4,133,2,8,2011
8,Matthew Stafford,DET,QB,23,16,16,421,663,5038,41,16,22,78,3.55,0,0,0,0,N/A,0,5,1,0,N/A,2,343,343.3,363.3,359.3,121,5,9,2011
9,Maurice Jones-Drew*+,JAX,RB,26,16,16,0,0,0,0,0,343,1606,4.68,8,64,43,374,8.70,3,6,1,11,N/A,N/A,262,305.0,312.0,283.5,115,3,10,2011
10,Arian Foster*,HOU,RB,25,13,13,0,0,0,0,0,278,1224,4.40,10,72,53,617,11.64,2,5,2,12,N/A,N/A,252,305.1,313.1,278.6,105,4,11,2011
11,Jordy Nelson,GNB,WR,26,16,9,0,0,0,0,0,0,0,N/A,0,96,68,1263,18.57,15,0,N/A,15,N/A,N/A,216,284.3,287.3,250.3,101,2,12,2011
12,Jimmy Graham*,NOR,TE,25,16,11,0,0,0,0,0,0,0,N/A,0,149,99,1310,13.23,11,1,1,11,N/A,N/A,195,294.0,298.0,244.5,99,2,13,2011
13,Wes Welker*+,NWE,WR,30,16,15,0,0,0,0,0,4,30,7.50,0,173,122,1569,12.86,9,1,N/A,9,N/A,N/A,214,335.9,338.9,274.9,98,3,14,2011
14,Victor Cruz,NYG,WR,25,16,7,0,0,0,0,0,1,3,3.00,0,131,82,1536,18.73,9,1,1,9,N/A,N/A,206,287.9,291.9,246.9,90,4,15,2011
15,Larry Fitzgerald*,ARI,WR,28,16,16,0,0,0,0,0,0,0,N/A,0,154,80,1411,17.64,8,0,N/A,8,N/A,N/A,189,269.1,272.1,229.1,74,5,16,2011
16,Steve Smith Sr.*,CAR,WR,32,16,16,0,0,0,0,0,6,56,9.33,0,129,79,1394,17.65,7,3,2,7,1,N/A,185,264.0,269.0,224.5,69,6,17,2011
17,Marshawn Lynch*,SEA,RB,25,15,15,0,2,0,0,0,285,1204,4.22,12,41,28,212,7.57,1,3,2,13,N/A,N/A,216,243.6,251.6,229.6,68,5,18,2011
18,Percy Harvin,MIN,WR,23,16,14,0,0,0,0,0,52,345,6.63,2,121,87,967,11.11,6,2,2,9,N/A,N/A,181,268.2,276.2,224.7,66,7,19,2011
19,Michael Turner,ATL,RB,29,16,15,0,0,0,0,0,301,1340,4.45,11,26,17,168,9.88,0,3,2,11,N/A,N/A,213,229.8,237.8,221.3,65,6,20,2011
20,Roddy White*,ATL,WR,30,16,16,0,0,0,0,0,0,0,N/A,0,180,100,1296,12.96,8,0,N/A,8,N/A,N/A,178,277.6,280.6,227.6,62,8,21,2011
21,Eli Manning*,NYG,QB,30,16,16,359,589,4933,29,16,35,15,0.43,1,0,0,0,N/A,0,8,4,1,N/A,N/A,281,280.8,303.8,296.8,58,6,22,2011
22,Mike Wallace*,PIT,WR,25,16,14,0,0,0,0,0,5,57,11.40,0,114,72,1193,16.57,8,1,1,8,N/A,N/A,171,243.0,247.0,207.0,55,9,23,2011
23,Vincent Jackson*,SDG,WR,28,16,16,0,0,0,0,0,3,51,17.00,0,115,60,1106,18.43,9,0,N/A,9,N/A,N/A,170,229.7,232.7,199.7,54,10,24,2011
24,Tony Romo,DAL,QB,31,16,16,346,522,4184,31,10,22,46,2.09,1,0,0,0,N/A,0,6,3,1,N/A,N/A,276,276.0,292.0,286.0,53,7,25,2011
25,Matt Ryan,ATL,QB,26,16,16,347,566,4177,29,12,37,84,2.27,2,0,0,0,N/A,0,5,3,2,N/A,N/A,273,273.5,291.5,285.5,51,8,26,2011
26,Hakeem Nicks,NYG,WR,23,15,15,0,0,0,0,0,0,0,N/A,0,133,76,1192,15.68,7,0,N/A,7,N/A,N/A,161,237.2,240.2,199.2,46,11,27,2011
27,Marques Colston,NOR,WR,28,14,7,0,0,0,0,0,0,0,N/A,0,107,80,1143,14.29,8,1,1,8,N/A,N/A,160,240.3,244.3,200.3,45,12,28,2011
28,Darren Sproles,NOR,RB,28,16,4,0,0,0,0,0,87,603,6.93,2,111,86,710,8.26,7,0,N/A,10,N/A,N/A,191,277.3,283.3,234.3,44,7,29,2011
29,Adrian Peterson,MIN,RB,26,12,12,0,0,0,0,0,208,970,4.66,12,24,18,139,7.72,1,1,N/A,13,N/A,N/A,189,206.9,212.9,197.9,42,8,30,2011
30,Brandon Marshall*,MIA,WR,27,16,16,0,0,0,0,0,1,13,13.00,0,141,81,1214,14.99,6,1,1,6,N/A,N/A,157,237.7,241.7,197.2,41,13,31,2011
31,Aaron Hernandez,NWE,TE,22,14,12,0,0,0,0,0,5,45,9.00,0,113,79,910,11.52,7,1,1,7,N/A,N/A,136,214.5,218.5,175.0,40,3,32,2011
32,Ryan Mathews*,SDG,RB,24,14,14,0,0,0,0,0,222,1091,4.91,6,59,50,455,9.10,0,5,2,6,N/A,N/A,187,236.6,244.6,211.6,39,9,33,2011
33,Michael Bush,OAK,RB,27,16,9,0,0,0,0,0,256,977,3.82,7,47,37,418,11.30,1,1,1,8,N/A,N/A,186,222.5,229.5,204.0,38,10,34,2011
34,A.J. Green*,CIN,WR,23,15,15,0,0,0,0,0,5,53,10.60,0,115,65,1057,16.26,7,1,N/A,7,N/A,N/A,153,218.0,221.0,185.5,37,14,35,2011
35,Laurent Robinson,DAL,WR,26,14,4,0,0,0,0,0,0,0,N/A,0,80,54,858,15.89,11,0,N/A,11,N/A,N/A,152,205.8,208.8,178.8,36,15,36,2011
36,Nate Washington,TEN,WR,28,16,15,0,0,0,0,0,2,5,2.50,1,121,74,1023,13.82,7,0,N/A,8,N/A,N/A,151,224.8,227.8,187.8,35,16,37,2011
37,Steven Jackson,STL,RB,28,15,15,0,0,0,0,0,260,1145,4.40,5,58,42,333,7.93,1,2,1,6,N/A,N/A,182,223.8,230.8,202.8,34,11,38,2011
38,Tony Gonzalez*,ATL,TE,35,16,16,0,0,0,0,0,0,0,N/A,0,116,80,875,10.94,7,0,N/A,7,N/A,N/A,130,209.5,212.5,169.5,34,4,39,2011
39,Greg Jennings*,GNB,WR,28,13,13,0,0,0,0,0,0,0,N/A,0,101,67,949,14.16,9,0,N/A,9,N/A,N/A,149,215.9,218.9,182.4,33,17,40,2011
40,Julio Jones,ATL,WR,22,13,13,0,0,0,0,0,6,56,9.33,0,95,54,959,17.76,8,1,1,8,N/A,N/A,148,201.5,205.5,174.5,32,18,41,2011
41,Philip Rivers*,SDG,QB,30,16,16,366,582,4624,27,20,26,36,1.38,1,0,0,0,N/A,0,9,5,1,N/A,1,255,254.6,282.6,274.6,32,9,42,2011
42,Dwayne Bowe,KAN,WR,27,16,14,0,0,0,0,0,1,12,12.00,0,142,81,1159,14.31,5,1,N/A,5,N/A,N/A,147,228.1,231.1,187.6,32,19,43,2011
43,Frank Gore*,SFO,RB,28,16,15,0,0,0,0,0,282,1211,4.29,8,31,17,114,6.71,0,2,2,8,N/A,N/A,177,193.5,201.5,185.0,29,12,44,2011
44,Jermichael Finley,GNB,TE,24,16,13,0,0,0,0,0,0,0,N/A,0,92,55,767,13.95,8,0,N/A,8,N/A,N/A,125,179.7,182.7,152.2,29,5,45,2011
45,Reggie Bush,MIA,RB,26,15,15,0,0,0,0,0,216,1086,5.03,6,52,43,296,6.88,1,4,2,7,N/A,N/A,176,219.2,227.2,197.7,29,13,46,2011
46,Jason Witten,DAL,TE,29,16,16,0,0,0,0,0,0,0,N/A,0,117,79,942,11.92,5,1,N/A,5,N/A,N/A,124,203.2,206.2,163.7,28,6,47,2011
47,Dez Bryant,DAL,WR,23,15,13,0,0,0,0,0,1,5,5.00,0,103,63,928,14.73,9,3,2,9,N/A,N/A,143,206.3,211.3,174.8,28,20,48,2011
48,Steve Johnson,BUF,WR,25,16,16,0,0,0,0,0,0,0,N/A,0,134,76,1004,13.21,7,0,N/A,7,N/A,N/A,142,218.4,221.4,180.4,27,21,49,2011
49,Antonio Gates*,SDG,TE,31,13,13,0,0,0,0,0,0,0,N/A,0,88,64,778,12.16,7,0,N/A,7,N/A,N/A,120,183.8,186.8,151.8,24,7,50,2011
50,Fred Jackson,BUF,RB,30,10,10,0,0,0,0,0,170,934,5.49,6,50,39,442,11.33,0,2,2,6,N/A,N/A,170,208.6,216.6,189.1,22,14,51,2011
51,Matt Forte*,CHI,RB,26,12,12,0,1,0,0,0,203,997,4.91,3,76,52,490,9.42,1,2,2,4,N/A,N/A,169,220.7,228.7,194.7,21,15,52,2011
52,Chris Johnson,TEN,RB,26,16,16,0,0,0,0,0,262,1047,4.00,4,79,57,418,7.33,0,3,1,4,N/A,N/A,169,225.5,232.5,197.0,21,16,53,2011
53,Beanie Wells,ARI,RB,23,14,14,0,0,0,0,0,245,1047,4.27,10,16,10,52,5.20,0,4,2,10,N/A,N/A,166,175.9,180.9,170.9,19,17,54,2011
54,Antonio Brown*,PIT,WR,23,16,3,0,0,0,0,0,7,41,5.86,0,124,69,1108,16.06,2,0,N/A,3,N/A,N/A,133,201.9,204.9,167.4,17,22,55,2011
55,Vernon Davis,SFO,TE,27,16,16,0,0,0,0,0,2,-5,-2.50,0,95,67,792,11.82,6,3,1,6,N/A,N/A,113,179.7,183.7,146.2,17,8,56,2011
56,Brent Celek,PHI,TE,26,16,16,0,0,0,0,0,0,0,N/A,0,98,62,811,13.08,5,0,N/A,5,N/A,N/A,111,173.1,176.1,142.1,15,9,57,2011
57,Shonn Greene,NYJ,RB,26,16,15,0,0,0,0,0,253,1054,4.17,6,41,30,211,7.03,0,1,N/A,6,N/A,N/A,163,192.5,198.5,177.5,15,18,58,2011
58,Mark Sanchez,NYJ,QB,25,16,16,308,543,3474,26,18,37,103,2.78,6,0,0,0,N/A,0,10,8,6,N/A,N/A,237,237.3,269.3,255.3,14,10,59,2011
59,Torrey Smith,BAL,WR,22,16,14,0,0,0,0,0,4,39,9.75,0,95,50,841,16.82,7,1,N/A,7,N/A,N/A,130,180.0,183.0,155.0,14,23,60,2011
60,Pierre Garcon,IND,WR,25,16,16,0,0,0,0,0,4,28,7.00,0,134,70,947,13.53,6,2,2,6,N/A,N/A,130,199.5,204.5,164.5,14,24,61,2011
61,Dustin Keller,NYJ,TE,27,16,12,0,0,0,0,0,0,0,N/A,0,115,65,815,12.54,5,1,1,5,N/A,N/A,110,174.5,178.5,142.0,14,10,62,2011
62,Rashard Mendenhall,PIT,RB,24,15,15,0,0,0,0,0,228,928,4.07,9,28,18,154,8.56,0,1,1,9,N/A,N/A,160,178.2,185.2,169.2,13,19,63,2011
63,Brandon Pettigrew,DET,TE,26,16,16,0,0,0,0,0,0,0,N/A,0,126,83,777,9.36,5,0,N/A,5,N/A,N/A,108,190.7,193.7,149.2,12,11,64,2011
64,Ahmad Bradshaw,NYG,RB,25,12,9,0,0,0,0,0,171,659,3.85,9,44,34,267,7.85,2,1,1,11,1,N/A,159,192.6,199.6,175.6,11,20,65,2011
65,Brandon Lloyd,2TM,WR,30,15,14,0,1,0,0,0,0,0,N/A,0,148,70,966,13.80,5,1,N/A,5,N/A,N/A,127,196.6,199.6,161.6,11,25,66,2011
66,Michael Vick,PHI,QB,31,13,13,253,423,3303,18,14,76,589,7.75,1,0,0,0,N/A,0,10,4,1,N/A,N/A,233,233.0,257.0,247.0,10,11,67,2011
67,DeSean Jackson,PHI,WR,25,15,15,0,0,0,0,0,7,41,5.86,0,104,58,961,16.57,4,1,N/A,4,N/A,N/A,124,182.2,185.2,153.2,9,26,68,2011
68,Jabar Gaffney,WAS,WR,31,16,15,0,0,0,0,0,0,0,N/A,0,114,68,947,13.93,5,1,1,5,N/A,N/A,123,190.7,194.7,156.7,7,27,69,2011
69,Reggie Wayne,IND,WR,33,16,16,0,0,0,0,0,0,0,N/A,0,132,75,960,12.80,4,0,N/A,4,N/A,N/A,120,195.0,198.0,157.5,4,28,70,2011
70,Darrius Heyward-Bey,OAK,WR,24,15,14,0,0,0,0,0,0,0,N/A,0,115,64,975,15.23,4,1,1,4,N/A,N/A,120,183.5,187.5,151.5,4,29,71,2011
71,Willis McGahee*,DEN,RB,30,15,14,0,0,0,0,0,249,1199,4.82,4,20,12,51,4.25,1,4,3,5,1,N/A,151,163.0,169.0,157.0,4,21,72,2011
72,Mike Tolbert,SDG,RB,26,15,1,0,0,0,0,0,121,490,4.05,8,79,54,433,8.02,2,2,1,10,N/A,N/A,150,204.3,211.3,177.3,3,22,73,2011
73,BenJarvus Green-Ellis,NWE,RB,26,16,6,0,0,0,0,0,181,667,3.69,11,13,9,159,17.67,0,0,N/A,11,N/A,N/A,149,157.6,163.6,153.1,1,23,74,2011
74,Marquis Johnson,STL,N/A,23,3,0,0,0,0,0,0,0,0,N/A,0,0,0,0,N/A,0,N/A,N/A,0,N/A,N/A,N/A,N/A,N/A,N/A,N/A,2,75,2011
75,Korey Hall,NOR,N/A,28,13,0,0,0,0,0,0,0,0,N/A,0,0,0,0,N/A,0,N/A,N/A,0,N/A,N/A,N/A,N/A,N/A,N/A,N/A,1,76,2011
76,Malcom Floyd,SDG,WR,30,12,9,0,0,0,0,0,0,0,N/A,0,70,43,856,19.91,5,0,N/A,5,N/A,N/A,116,158.6,161.6,137.1,N/A,30,77,2011
77,David Nelson,BUF,TE,25,16,13,0,0,0,0,0,0,0,N/A,0,97,61,658,10.79,5,0,N/A,5,N/A,N/A,96,156.8,159.8,126.3,N/A,12,78,2011
78,Ryan Fitzpatrick,BUF,QB,29,16,16,353,569,3832,24,23,56,215,3.84,0,0,0,0,N/A,0,7,2,0,1,N/A,223,222.8,253.8,245.8,N/A,12,N/A,2011
79,Ben Roethlisberger*,PIT,QB,29,15,15,324,513,4077,21,14,31,70,2.26,0,0,0,0,N/A,0,8,5,0,N/A,N/A,216,216.1,238.1,230.1,N/A,13,N/A,2011
80,Alex Smith,SFO,QB,27,16,16,273,445,3144,17,5,52,179,3.44,2,0,0,0,N/A,0,7,2,2,N/A,1,212,211.7,224.7,216.7,N/A,14,N/A,2011
81,Andy Dalton*,CIN,QB,24,16,16,300,516,3398,20,13,37,152,4.11,1,1,0,0,N/A,0,4,2,1,N/A,N/A,207,207.1,228.1,220.1,N/A,15,N/A,2011
82,Josh Freeman,TAM,QB,23,15,15,346,551,3592,16,22,55,238,4.33,4,1,0,-4,N/A,0,9,5,4,N/A,2,205,205.1,238.1,227.1,N/A,16,N/A,2011
83,Joe Flacco,BAL,QB,26,16,16,312,542,3610,20,12,39,88,2.26,1,1,1,-8,-8.00,0,11,6,1,N/A,N/A,202,203.4,224.4,214.9,N/A,17,N/A,2011
84,Tim Tebow,DEN,QB,24,14,11,126,271,1729,12,6,122,660,5.41,6,0,0,0,N/A,0,13,6,6,2,N/A,199,199.2,217.2,205.2,N/A,18,N/A,2011
85,Matt Hasselbeck,TEN,QB,36,16,16,319,518,3571,18,14,20,52,2.60,0,0,0,0,N/A,0,4,1,0,N/A,N/A,190,190.0,208.0,204.0,N/A,19,N/A,2011
86,Tarvaris Jackson,SEA,QB,28,15,14,271,450,3091,14,13,40,108,2.70,1,0,0,0,N/A,0,9,4,1,N/A,N/A,162,162.4,185.4,175.4,N/A,20,N/A,2011
87,Matt Moore,MIA,QB,27,13,12,210,347,2497,16,9,32,65,2.03,2,0,0,0,N/A,0,14,1,2,N/A,N/A,162,162.4,175.4,171.4,N/A,21,N/A,2011
88,Colt McCoy,CLE,QB,25,13,13,265,463,2733,14,11,61,212,3.48,0,1,1,-5,-5.00,0,11,2,0,N/A,N/A,160,161.0,180.0,171.5,N/A,22,N/A,2011
89,Matt Schaub,HOU,QB,30,10,10,178,292,2479,15,6,15,9,0.60,2,0,0,0,N/A,0,3,1,2,N/A,N/A,158,158.1,168.1,164.1,N/A,23,N/A,2011
90,Rex Grossman,WAS,QB,31,13,13,265,458,3151,16,20,20,11,0.55,1,0,0,0,N/A,0,8,4,1,N/A,N/A,149,149.1,176.1,169.1,N/A,24,N/A,2011
91,Cedric Benson,CIN,RB,29,15,15,0,0,0,0,0,273,1067,3.91,6,22,15,82,5.47,0,5,2,6,N/A,N/A,147,161.9,166.9,154.4,N/A,25,N/A,2011
92,Jonathan Stewart,CAR,RB,24,16,3,0,0,0,0,0,142,761,5.36,4,61,47,413,8.79,1,1,N/A,5,N/A,N/A,147,194.4,200.4,170.9,N/A,24,N/A,2011
93,DeAngelo Williams,CAR,RB,28,16,14,0,0,0,0,0,155,836,5.39,7,25,16,135,8.44,0,0,N/A,7,N/A,N/A,139,155.1,161.1,147.1,N/A,26,N/A,2011
94,Jay Cutler,CHI,QB,28,10,10,182,314,2319,13,7,18,55,3.06,1,0,0,0,N/A,0,7,3,1,N/A,N/A,136,136.3,149.3,143.3,N/A,25,N/A,2011
95,Carson Palmer,OAK,QB,32,10,9,199,328,2753,13,16,16,20,1.25,1,0,0,0,N/A,0,2,1,1,N/A,N/A,136,136.1,156.1,152.1,N/A,26,N/A,2011
96,Pierre Thomas,NOR,RB,27,16,7,0,0,0,0,0,110,562,5.11,5,59,50,425,8.50,1,1,1,6,N/A,N/A,133,182.7,189.7,157.7,N/A,27,N/A,2011
97,Ben Tate,HOU,RB,23,15,2,0,0,0,0,0,175,942,5.38,4,19,13,98,7.54,0,4,3,4,N/A,N/A,122,135.0,141.0,128.5,N/A,28,N/A,2011
98,Brandon Jacobs,NYG,RB,29,14,6,0,0,0,0,0,152,571,3.76,7,23,15,128,8.53,1,3,N/A,8,1,N/A,120,134.9,140.9,127.4,N/A,30,N/A,2011
99,DeMarco Murray,DAL,RB,23,13,7,0,0,0,0,0,164,897,5.47,2,35,26,183,7.04,0,1,N/A,2,N/A,N/A,120,146.0,152.0,133.0,N/A,29,N/A,2011
100,C.J. Spiller,BUF,RB,24,16,11,0,0,0,0,0,107,561,5.24,4,54,39,269,6.90,2,2,N/A,6,N/A,N/A,119,158.0,164.0,138.5,N/A,31,N/A,2011
101,Christian Ponder,MIN,QB,23,11,10,158,291,1853,13,13,28,219,7.82,0,0,0,0,N/A,0,6,2,0,N/A,N/A,118,118.0,139.0,131.0,N/A,27,N/A,2011
102,LeGarrette Blount,TAM,RB,25,14,14,0,0,0,0,0,184,781,4.24,5,25,15,148,9.87,0,5,3,5,N/A,N/A,117,131.9,140.9,124.4,N/A,32,N/A,2011
103,Blaine Gabbert,JAX,QB,22,15,14,210,413,2214,12,11,48,98,2.04,0,0,0,0,N/A,0,14,4,0,N/A,N/A,116,116.4,134.4,127.4,N/A,28,N/A,2011
104,Roy Helu,WAS,RB,23,15,5,0,0,0,0,0,151,640,4.24,2,59,49,379,7.73,1,2,2,3,N/A,N/A,116,164.9,172.9,140.4,N/A,33,N/A,2011
105,Lance Moore,NOR,WR,28,14,7,0,0,0,0,0,0,0,N/A,0,73,52,627,12.06,8,0,N/A,8,2,N/A,115,166.7,169.7,140.7,N/A,31,N/A,2011
106,Michael Crabtree,SFO,WR,24,15,14,0,0,0,0,0,1,6,6.00,0,115,72,874,12.14,4,0,N/A,4,1,N/A,114,186.0,189.0,150.0,N/A,33,N/A,2011
107,Santonio Holmes,NYJ,WR,27,16,16,0,0,0,0,0,3,27,9.00,0,101,51,654,12.82,8,2,1,8,N/A,N/A,114,165.1,169.1,139.6,N/A,32,N/A,2011
108,Jeremy Maclin,PHI,WR,23,13,13,0,0,0,0,0,1,1,1.00,0,96,63,859,13.63,5,1,1,5,N/A,N/A,114,177.0,181.0,145.5,N/A,34,N/A,2011
109,Eric Decker,DEN,WR,24,16,13,0,1,0,0,0,1,1,1.00,0,96,44,612,13.91,8,1,1,9,N/A,N/A,113,157.3,161.3,135.3,N/A,35,N/A,2011
110,Plaxico Burress,NYJ,WR,34,16,13,0,0,0,0,0,0,0,N/A,0,96,45,612,13.60,8,0,N/A,8,N/A,N/A,109,154.2,157.2,131.7,N/A,36,N/A,2011
111,Anquan Boldin,BAL,WR,31,14,14,0,0,0,0,0,0,0,N/A,0,106,57,887,15.56,3,0,N/A,3,N/A,N/A,107,163.7,166.7,135.2,N/A,37,N/A,2011
112,James Jones,GNB,WR,27,16,0,0,0,0,0,0,0,0,N/A,0,55,38,635,16.71,7,1,N/A,7,N/A,N/A,106,143.5,146.5,124.5,N/A,38,N/A,2011
113,Darren McFadden,OAK,RB,24,7,7,0,0,0,0,0,113,614,5.43,4,23,19,154,8.11,1,1,1,5,N/A,N/A,105,123.8,130.8,114.3,N/A,34,N/A,2011
114,Denarius Moore,OAK,WR,23,13,10,0,0,0,0,0,5,61,12.20,1,76,33,618,18.73,5,1,N/A,6,N/A,N/A,104,136.9,139.9,120.4,N/A,39,N/A,2011
115,Doug Baldwin,SEA,WR,23,16,1,0,0,0,0,0,1,-2,-2.00,0,85,51,788,15.45,4,0,N/A,4,N/A,N/A,103,153.6,156.6,128.1,N/A,40,N/A,2011
116,Donald Brown,IND,RB,24,16,2,0,0,0,0,0,134,645,4.81,5,19,16,86,5.38,0,0,N/A,5,N/A,N/A,103,119.1,122.1,111.1,N/A,35,N/A,2011
117,John Skelton,ARI,QB,23,8,7,151,275,1913,11,14,28,128,4.57,0,0,0,0,N/A,0,4,1,0,N/A,N/A,103,103.3,124.3,117.3,N/A,29,N/A,2011
118,Miles Austin,DAL,WR,27,10,10,0,0,0,0,0,2,3,1.50,0,73,43,579,13.47,7,1,N/A,7,N/A,N/A,100,143.2,146.2,121.7,N/A,41,N/A,2011
119,Deion Branch,NWE,WR,32,15,15,0,0,0,0,0,0,0,N/A,0,90,51,702,13.76,5,0,N/A,5,N/A,N/A,100,151.2,154.2,125.7,N/A,42,N/A,2011
120,Nate Burleson,DET,WR,30,16,11,0,0,0,0,0,11,85,7.73,0,110,73,757,10.37,3,1,1,3,N/A,N/A,100,173.2,177.2,136.7,N/A,43,N/A,2011
121,Robert Meachem,NOR,WR,27,16,8,0,0,0,0,0,4,18,4.50,0,60,40,620,15.50,6,0,N/A,6,N/A,N/A,100,139.8,142.8,119.8,N/A,45,N/A,2011
122,Titus Young,DET,WR,22,16,9,0,0,0,0,0,2,15,7.50,0,86,48,607,12.65,6,1,N/A,6,1,N/A,100,148.2,151.2,124.2,N/A,44,N/A,2011
123,Early Doucet,ARI,WR,26,16,6,0,0,0,0,0,0,0,N/A,0,97,54,689,12.76,5,1,N/A,5,N/A,N/A,99,152.9,155.9,125.9,N/A,46,N/A,2011
124,Ryan Grant,GNB,RB,29,15,14,0,0,0,0,0,134,559,4.17,2,24,19,268,14.11,1,1,1,3,N/A,N/A,99,117.7,124.7,108.2,N/A,36,N/A,2011
125,Kevin Kolb,ARI,QB,27,9,9,146,253,1955,9,8,17,65,3.82,0,0,0,0,N/A,0,8,3,0,N/A,N/A,99,98.7,112.7,106.7,N/A,30,N/A,2011
126,Jerome Simpson,CIN,WR,25,16,14,0,0,0,0,0,0,0,N/A,0,105,50,725,14.50,4,0,N/A,4,N/A,N/A,97,146.5,149.5,121.5,N/A,47,N/A,2011
127,Matt Cassel,KAN,QB,29,9,9,160,269,1713,10,9,25,99,3.96,0,1,1,-4,-4.00,0,5,2,0,N/A,N/A,96,97.0,111.0,105.5,N/A,31,N/A,2011
128,Fred Davis,WAS,TE,25,12,12,0,0,0,0,0,0,0,N/A,0,88,59,796,13.49,3,1,1,3,N/A,N/A,96,154.6,158.6,125.1,N/A,13,N/A,2011
129,Toby Gerhart,MIN,RB,24,16,5,0,0,0,0,0,109,531,4.87,1,28,23,190,8.26,3,1,N/A,4,N/A,N/A,96,119.1,125.1,107.6,N/A,37,N/A,2011
130,Jermaine Gresham*,CIN,TE,23,14,13,0,0,0,0,0,0,0,N/A,0,92,56,596,10.64,6,1,1,6,N/A,N/A,94,149.6,153.6,121.6,N/A,14,N/A,2011
131,Kevin Smith,DET,RB,25,7,4,0,0,0,0,0,72,356,4.94,4,28,22,179,8.14,3,1,1,7,N/A,N/A,94,115.5,122.5,104.5,N/A,38,N/A,2011
132,Steve Breaston,KAN,WR,28,16,13,0,0,0,0,0,1,25,25.00,0,98,61,785,12.87,2,0,N/A,2,N/A,N/A,93,154.0,157.0,123.5,N/A,48,N/A,2011
133,LaDainian Tomlinson,NYJ,RB,32,14,1,0,0,0,0,0,75,280,3.73,1,61,42,449,10.69,2,0,N/A,3,N/A,N/A,91,132.9,138.9,111.9,N/A,39,N/A,2011
134,Mike Williams,TAM,WR,24,16,15,0,0,0,0,0,1,3,3.00,0,124,65,771,11.86,3,2,2,3,N/A,N/A,91,156.4,161.4,123.9,N/A,49,N/A,2011
135,Jared Cook,TEN,TE,24,16,5,0,0,0,0,0,0,0,N/A,0,81,49,759,15.49,3,2,2,3,N/A,N/A,90,138.9,143.9,114.4,N/A,16,N/A,2011
136,Dexter McCluster,KAN,WR,22,16,4,0,0,0,0,0,114,516,4.53,1,64,46,328,7.13,1,4,3,2,N/A,N/A,90,136.4,145.4,113.4,N/A,50,N/A,2011
137,Kellen Winslow,TAM,TE,28,16,15,0,0,0,0,0,0,0,N/A,0,123,75,763,10.17,2,2,1,2,2,N/A,90,165.3,169.3,127.8,N/A,15,N/A,2011
138,Sam Bradford,STL,QB,24,10,10,191,357,2164,6,6,18,26,1.44,0,0,0,0,N/A,0,10,6,0,N/A,N/A,89,89.2,104.2,95.2,N/A,32,N/A,2011
139,Damian Williams,TEN,WR,23,15,13,0,0,0,0,0,0,0,N/A,0,94,45,592,13.16,5,0,N/A,5,N/A,N/A,89,134.2,137.2,111.7,N/A,51,N/A,2011
140,Peyton Hillis,CLE,RB,25,10,9,0,0,0,0,0,161,587,3.65,3,34,22,130,5.91,0,2,1,3,N/A,N/A,88,109.7,116.7,98.7,N/A,40,N/A,2011
141,Jahvid Best,DET,RB,22,6,6,0,0,0,0,0,84,390,4.64,2,40,27,287,10.63,1,0,N/A,3,N/A,N/A,86,112.7,118.7,99.2,N/A,41,N/A,2011
142,Owen Daniels,HOU,TE,29,15,15,0,0,0,0,0,0,0,N/A,0,85,54,677,12.54,3,0,N/A,3,N/A,N/A,86,139.7,142.7,112.7,N/A,17,N/A,2011
143,Kyle Orton,2TM,QB,29,9,8,150,252,1758,9,9,11,13,1.18,0,0,0,0,N/A,0,2,2,0,N/A,N/A,86,85.6,99.6,94.6,N/A,33,N/A,2011
144,Jake Ballard,NYG,TE,24,14,13,0,0,0,0,0,0,0,N/A,0,61,38,604,15.89,4,0,N/A,4,N/A,N/A,84,122.4,125.4,103.4,N/A,18,N/A,2011
145,Josh Cribbs,CLE,WR,28,16,7,0,0,0,0,0,7,25,3.57,0,67,41,518,12.63,4,3,N/A,5,N/A,N/A,84,125.3,128.3,104.8,N/A,53,N/A,2011
146,Greg Little,CLE,WR,22,16,12,0,0,0,0,0,3,15,5.00,0,119,61,709,11.62,2,0,N/A,2,N/A,N/A,84,145.4,148.4,114.9,N/A,52,N/A,2011
147,Greg Olsen,CAR,TE,26,16,13,0,0,0,0,0,0,0,N/A,0,89,45,540,12.00,5,1,1,5,1,N/A,84,129.0,133.0,106.5,N/A,19,N/A,2011
148,Ed Dickson,BAL,TE,24,16,16,0,0,0,0,0,0,0,N/A,0,89,54,528,9.78,5,0,N/A,5,N/A,N/A,83,136.8,139.8,109.8,N/A,20,N/A,2011
149,Johnny Knox,CHI,WR,25,14,11,0,0,0,0,0,0,0,N/A,0,69,37,727,19.65,2,1,1,2,N/A,N/A,83,119.7,123.7,101.2,N/A,54,N/A,2011
150,James Starks,GNB,RB,25,13,2,0,0,0,0,0,133,578,4.35,1,37,29,216,7.45,0,2,1,1,N/A,N/A,83,112.4,119.4,97.9,N/A,42,N/A,2011
151,Felix Jones,DAL,RB,24,12,8,0,0,0,0,0,127,575,4.53,1,45,33,221,6.70,0,5,2,1,N/A,N/A,82,114.6,122.6,98.1,N/A,43,N/A,2011
152,Santana Moss,WAS,WR,32,12,12,0,0,0,0,0,0,0,N/A,0,95,46,584,12.70,4,0,N/A,4,N/A,N/A,82,128.4,131.4,105.4,N/A,55,N/A,2011
153,Marion Barber III,CHI,RB,28,11,1,0,0,0,0,0,114,422,3.70,6,9,5,50,10.00,0,1,1,6,N/A,N/A,81,86.2,90.2,83.7,N/A,44,N/A,2011
154,Donald Driver,GNB,WR,36,16,15,0,0,0,0,0,0,0,N/A,0,56,37,445,12.03,6,0,N/A,6,N/A,N/A,81,117.5,120.5,99.0,N/A,56,N/A,2011
155,Mark Ingram,NOR,RB,22,10,4,0,0,0,0,0,122,474,3.89,5,13,11,46,4.18,0,1,1,5,N/A,N/A,80,91.0,95.0,85.5,N/A,45,N/A,2011
156,Demaryius Thomas,DEN,WR,24,11,5,0,1,0,0,0,1,5,5.00,0,70,32,551,17.22,4,0,N/A,4,N/A,N/A,80,111.6,114.6,95.6,N/A,57,N/A,2011
157,Jackie Battle,KAN,RB,28,15,4,0,0,0,0,0,149,597,4.01,2,13,9,68,7.56,0,0,N/A,2,N/A,N/A,79,87.5,90.5,83.0,N/A,47,N/A,2011
158,Jason Campbell,OAK,QB,30,6,6,100,165,1170,6,4,18,60,3.33,2,0,0,0,N/A,0,3,1,2,N/A,N/A,79,78.8,86.8,82.8,N/A,34,N/A,2011
159,Kendall Hunter,SFO,RB,23,16,1,0,0,0,0,0,112,473,4.22,2,26,16,195,12.19,0,0,N/A,2,N/A,N/A,79,94.8,100.8,86.8,N/A,46,N/A,2011
160,Brandon LaFell,CAR,WR,25,16,6,0,0,0,0,0,0,0,N/A,0,56,36,613,17.03,3,0,N/A,3,N/A,N/A,79,115.3,118.3,97.3,N/A,58,N/A,2011
161,Mario Manningham,NYG,WR,25,12,10,0,0,0,0,0,0,0,N/A,0,77,39,523,13.41,4,0,N/A,4,N/A,N/A,76,115.3,118.3,95.8,N/A,59,N/A,2011
162,Dezmon Briscoe,TAM,WR,22,16,2,0,0,0,0,0,0,0,N/A,0,51,35,387,11.06,6,0,N/A,6,N/A,N/A,75,109.7,112.7,92.2,N/A,60,N/A,2011
163,Anthony Fasano,MIA,TE,27,15,15,0,0,0,0,0,0,0,N/A,0,54,32,451,14.09,5,0,N/A,5,N/A,N/A,75,107.1,110.1,91.1,N/A,21,N/A,2011
164,Heath Miller,PIT,TE,29,16,16,0,0,0,0,0,1,6,6.00,0,74,51,631,12.37,2,1,1,2,N/A,N/A,74,124.7,128.7,99.2,N/A,22,N/A,2011
165,Scott Chandler,BUF,TE,26,14,9,0,0,0,0,0,0,0,N/A,0,46,38,389,10.24,6,1,1,6,N/A,N/A,73,110.9,114.9,91.9,N/A,24,N/A,2011
166,Andre Roberts,ARI,WR,23,16,16,0,0,0,0,0,3,27,9.00,0,98,51,586,11.49,2,1,N/A,2,N/A,N/A,73,124.3,127.3,98.8,N/A,61,N/A,2011
167,Tony Scheffler,DET,TE,28,15,5,0,0,0,0,0,1,5,5.00,0,43,26,347,13.35,6,1,N/A,6,1,N/A,73,99.2,102.2,86.2,N/A,23,N/A,2011
168,Jason Avant,PHI,WR,28,16,7,0,0,0,0,0,0,0,N/A,0,81,52,679,13.06,1,2,1,1,N/A,N/A,72,123.9,127.9,97.9,N/A,62,N/A,2011
169,Curtis Painter,IND,QB,26,9,8,132,243,1541,6,9,17,107,6.29,0,0,0,0,N/A,0,5,3,0,N/A,N/A,72,72.3,90.3,81.3,N/A,35,N/A,2011
170,Joel Dreessen,HOU,TE,29,16,10,0,0,0,0,0,0,0,N/A,0,39,28,353,12.61,6,0,N/A,6,N/A,N/A,71,99.3,102.3,85.3,N/A,25,N/A,2011
171,Jacoby Jones,HOU,WR,27,16,10,0,0,0,0,0,4,17,4.25,0,65,31,512,16.52,2,0,N/A,3,N/A,N/A,71,101.9,104.9,86.4,N/A,64,N/A,2011
172,Preston Parker,TAM,WR,24,16,0,0,0,0,0,0,1,-3,-3.00,0,65,40,554,13.85,3,8,1,3,N/A,N/A,71,111.1,115.1,91.1,N/A,63,N/A,2011
173,Isaac Redman,PIT,RB,27,16,1,0,0,0,0,0,110,479,4.35,3,22,18,78,4.33,0,2,2,3,N/A,N/A,70,87.7,92.7,78.7,N/A,48,N/A,2011
174,Davone Bess,MIA,WR,26,16,4,0,0,0,0,0,2,9,4.50,0,86,51,537,10.53,3,5,2,3,N/A,N/A,69,119.6,124.6,94.1,N/A,65,N/A,2011
175,Daniel Thomas,MIA,RB,24,13,2,0,0,0,0,0,165,581,3.52,0,16,12,72,6.00,1,2,1,1,N/A,N/A,69,81.3,85.3,75.3,N/A,49,N/A,2011
176,Jeremy Shockey,CAR,TE,31,15,13,0,0,0,0,0,0,0,N/A,0,62,37,455,12.30,4,2,1,4,N/A,N/A,68,104.5,108.5,86.0,N/A,26,N/A,2011
177,Maurice Morris,DET,RB,32,16,5,0,0,0,0,0,80,316,3.95,1,35,26,230,8.85,1,1,N/A,2,N/A,N/A,67,92.6,98.6,79.6,N/A,50,N/A,2011
178,Donovan McNabb,MIN,QB,35,6,6,94,156,1026,4,2,14,59,4.21,1,0,0,0,N/A,0,2,N/A,1,N/A,N/A,65,64.9,69.9,66.9,N/A,36,N/A,2011
179,Kevin Walter,HOU,WR,30,15,14,0,0,0,0,0,0,0,N/A,0,59,39,474,12.15,3,0,N/A,3,N/A,N/A,65,104.4,107.4,84.9,N/A,66,N/A,2011
180,Lance Ball,DEN,RB,26,16,0,0,0,0,0,0,96,402,4.19,1,32,16,148,9.25,1,2,2,2,N/A,N/A,63,79.0,87.0,71.0,N/A,51,N/A,2011
181,Devery Henderson,NOR,WR,29,16,13,0,0,0,0,0,1,9,9.00,0,50,32,503,15.72,2,1,N/A,2,N/A,N/A,63,95.2,98.2,79.2,N/A,67,N/A,2011
182,Sidney Rice,SEA,WR,25,9,9,1,1,55,0,0,2,3,1.50,0,57,32,484,15.13,2,1,N/A,2,N/A,N/A,63,94.9,97.9,78.9,N/A,68,N/A,2011
183,Roy Williams,CHI,WR,30,15,9,0,0,0,0,0,0,0,N/A,0,63,37,507,13.70,2,0,N/A,2,N/A,N/A,63,99.7,102.7,81.2,N/A,69,N/A,2011
184,Brian Hartline,MIA,WR,25,16,10,0,0,0,0,0,1,9,9.00,0,66,35,549,15.69,1,0,N/A,1,N/A,N/A,62,96.8,99.8,79.3,N/A,71,N/A,2011
185,Andre Johnson,HOU,WR,30,7,7,0,0,0,0,0,1,8,8.00,0,51,33,492,14.91,2,0,N/A,2,N/A,N/A,62,95.0,98.0,78.5,N/A,70,N/A,2011
186,Arrelious Benn,TAM,WR,23,14,14,0,0,0,0,0,6,-7,-1.17,0,51,30,441,14.70,3,0,N/A,3,N/A,N/A,61,91.4,94.4,76.4,N/A,72,N/A,2011
187,Ricky Williams,BAL,RB,34,16,0,0,0,0,0,0,108,444,4.11,2,20,13,83,6.38,0,2,2,2,N/A,N/A,61,73.7,78.7,67.2,N/A,53,N/A,2011
188,Danny Woodhead,NWE,RB,26,15,4,0,0,0,0,0,77,351,4.56,1,31,18,157,8.72,0,0,N/A,1,2,N/A,61,78.8,84.8,69.8,N/A,52,N/A,2011
189,Chad Henne,MIA,QB,26,4,4,64,112,868,4,4,15,112,7.47,1,0,0,0,N/A,0,1,N/A,1,N/A,N/A,60,59.9,69.9,63.9,N/A,37,N/A,2011
190,Devin Hester,CHI,WR,29,16,8,0,0,0,0,0,1,-6,-6.00,0,56,26,369,14.19,1,5,N/A,4,N/A,N/A,60,86.3,89.3,73.3,N/A,73,N/A,2011
191,Bernard Scott,CIN,RB,27,16,1,0,1,0,0,0,112,380,3.39,3,17,13,38,2.92,0,0,N/A,3,N/A,N/A,60,72.8,75.8,66.3,N/A,54,N/A,2011
192,Joseph Addai,IND,RB,28,12,11,0,0,0,0,0,118,433,3.67,1,22,15,93,6.20,0,1,N/A,1,N/A,N/A,59,73.6,76.6,66.1,N/A,55,N/A,2011
193,Michael Jenkins,MIN,WR,29,11,7,0,0,0,0,0,0,0,N/A,0,55,38,466,12.26,3,2,3,3,N/A,N/A,59,96.6,102.6,77.6,N/A,74,N/A,2011
194,Dan Orlovsky,IND,QB,28,8,5,122,193,1201,6,4,6,5,0.83,0,0,0,0,N/A,0,7,3,0,N/A,N/A,59,58.5,68.5,62.5,N/A,38,N/A,2011
195,Dennis Pitta,BAL,TE,26,16,2,0,0,0,0,0,0,0,N/A,0,56,40,405,10.13,3,0,N/A,3,N/A,N/A,59,98.5,101.5,78.5,N/A,28,N/A,2011
196,Visanthe Shiancoe,MIN,TE,31,16,14,0,0,0,0,0,0,0,N/A,0,70,36,409,11.36,3,0,N/A,3,N/A,N/A,59,94.9,97.9,76.9,N/A,27,N/A,2011
197,Golden Tate,SEA,WR,23,16,5,0,0,0,0,0,5,14,2.80,0,58,35,382,10.91,3,1,N/A,3,N/A,N/A,58,92.6,95.6,75.1,N/A,75,N/A,2011
198,Austin Collie,IND,WR,26,16,5,0,0,0,0,0,0,0,N/A,0,96,54,514,9.52,1,0,N/A,1,N/A,N/A,57,111.4,114.4,84.4,N/A,76,N/A,2011
199,Ben Obomanu,SEA,WR,28,16,7,0,0,0,0,0,1,13,13.00,0,61,37,436,11.78,2,0,N/A,2,N/A,N/A,57,93.9,96.9,75.4,N/A,77,N/A,2011
200,Harry Douglas,ATL,WR,27,16,4,0,0,0,0,0,1,3,3.00,0,62,39,498,12.77,1,0,N/A,1,N/A,N/A,56,95.1,98.1,75.6,N/A,78,N/A,2011
201,Evan Moore,CLE,TE,26,16,4,0,0,0,0,0,0,0,N/A,0,46,34,324,9.53,4,0,N/A,4,N/A,N/A,56,90.4,93.4,73.4,N/A,29,N/A,2011
202,Danario Alexander,STL,WR,25,10,5,0,0,0,0,0,0,0,N/A,0,60,26,431,16.58,2,0,N/A,2,N/A,N/A,55,81.1,84.1,68.1,N/A,79,N/A,2011
203,Kevin Boss,OAK,TE,27,14,11,0,0,0,0,0,0,0,N/A,0,40,28,368,13.14,3,0,N/A,3,N/A,N/A,55,82.8,85.8,68.8,N/A,30,N/A,2011
204,Jason Hill,JAX,WR,26,10,10,0,0,0,0,0,0,0,N/A,0,55,25,367,14.68,3,0,N/A,3,N/A,N/A,55,79.7,82.7,67.2,N/A,80,N/A,2011
205,Chris Ogbonnaya,2TM,RB,25,13,4,0,0,0,0,0,76,340,4.47,1,31,23,165,7.17,0,2,1,1,N/A,N/A,55,77.5,84.5,66.0,N/A,56,N/A,2011
206,Legedu Naanee,CAR,WR,28,15,10,1,1,27,0,0,0,0,N/A,0,76,44,467,10.61,1,0,N/A,1,N/A,N/A,54,97.8,100.8,75.8,N/A,81,N/A,2011
207,Devin Aromashodu,MIN,WR,27,16,6,0,0,0,0,0,0,0,N/A,0,84,26,468,18.00,1,1,N/A,1,N/A,N/A,53,78.8,81.8,65.8,N/A,83,N/A,2011
208,Lavelle Hawkins,TEN,WR,25,16,2,0,0,0,0,0,0,0,N/A,0,77,47,470,10.00,1,1,N/A,1,N/A,N/A,53,100.0,103.0,76.5,N/A,82,N/A,2011
209,Ben Watson,CLE,TE,31,13,11,0,0,0,0,0,0,0,N/A,0,70,37,410,11.08,2,0,N/A,2,N/A,N/A,53,90.0,93.0,71.5,N/A,31,N/A,2011
210,Tim Hightower,WAS,RB,25,5,5,0,0,0,0,0,84,321,3.82,1,15,10,78,7.80,1,0,N/A,2,N/A,N/A,52,61.9,64.9,56.9,N/A,59,N/A,2011
211,Thomas Jones,KAN,RB,33,16,8,0,0,0,0,0,153,478,3.12,0,7,5,43,8.60,0,0,N/A,0,N/A,N/A,52,57.1,60.1,54.6,N/A,57,N/A,2011
212,John Kuhn*,GNB,RB,29,16,3,0,0,0,0,0,30,78,2.60,4,18,15,77,5.13,2,0,N/A,6,N/A,N/A,52,66.5,66.5,59.0,N/A,60,N/A,2011
213,LaRod Stephens-Howling,ARI,RB,24,14,1,0,0,0,0,0,43,167,3.88,0,17,13,234,18.00,2,0,N/A,2,N/A,N/A,52,65.1,71.1,58.6,N/A,58,N/A,2011
214,John Beck,WAS,QB,30,4,3,80,132,858,2,4,10,43,4.30,2,0,0,0,N/A,0,3,1,2,N/A,1,51,50.6,58.6,54.6,N/A,39,N/A,2011
215,Kahlil Bell,CHI,RB,25,13,3,0,0,0,0,0,79,337,4.27,0,23,19,133,7.00,1,3,1,1,N/A,N/A,51,70.0,77.0,60.5,N/A,63,N/A,2011
216,Kellen Davis,CHI,TE,26,16,15,0,0,0,0,0,0,0,N/A,0,35,18,206,11.44,5,0,N/A,5,N/A,N/A,51,68.6,71.6,59.6,N/A,32,N/A,2011
217,Brandon Gibson,STL,WR,24,15,9,0,0,0,0,0,2,16,8.00,0,71,36,431,11.97,1,0,N/A,1,N/A,N/A,51,86.7,89.7,68.7,N/A,84,N/A,2011
218,Marcel Reece,OAK,RB,26,12,6,0,0,0,0,0,17,112,6.59,0,36,27,301,11.15,2,1,1,2,N/A,N/A,51,78.3,85.3,64.8,N/A,62,N/A,2011
219,Stevan Ridley,NWE,RB,22,16,2,0,0,0,0,0,87,441,5.07,1,5,3,13,4.33,0,1,N/A,1,N/A,N/A,51,54.4,57.4,52.9,N/A,61,N/A,2011
220,Andre Caldwell,CIN,WR,26,13,2,0,0,0,0,0,0,0,N/A,0,68,37,317,8.57,3,0,N/A,3,N/A,N/A,50,86.7,89.7,68.2,N/A,87,N/A,2011
221,Randall Cobb,GNB,WR,21,15,0,0,1,0,0,0,2,5,2.50,0,31,25,375,15.00,1,3,3,3,N/A,N/A,50,75.0,81.0,62.5,N/A,86,N/A,2011
222,Mohamed Massaquoi,CLE,WR,25,14,13,0,0,0,0,0,0,0,N/A,0,74,31,384,12.39,2,0,N/A,2,N/A,N/A,50,81.4,84.4,65.9,N/A,85,N/A,2011
223,Jake Locker,TEN,QB,23,5,0,34,66,542,4,0,8,56,7.00,1,0,0,0,N/A,0,0,N/A,1,N/A,N/A,49,49.3,52.3,49.3,N/A,41,N/A,2011
224,Jacquizz Rodgers,ATL,RB,21,16,0,0,0,0,0,0,57,205,3.60,1,27,21,188,8.95,1,1,1,2,N/A,N/A,49,70.3,77.3,59.8,N/A,65,N/A,2011
225,Mike Thomas,JAX,WR,24,15,13,0,0,0,0,0,3,11,3.67,0,91,44,415,9.43,1,1,N/A,1,N/A,N/A,49,92.6,95.6,70.6,N/A,88,N/A,2011
226,Joe Webb,MIN,QB,25,11,1,34,63,376,3,2,22,154,7.00,2,5,1,9,9.00,0,1,1,2,N/A,N/A,49,50.3,59.3,51.8,N/A,40,N/A,2011
227,Cadillac Williams,STL,RB,29,11,1,0,0,0,0,0,87,361,4.15,1,23,14,93,6.64,0,1,1,1,N/A,N/A,49,63.4,67.4,56.4,N/A,64,N/A,2011
228,Hines Ward,PIT,WR,35,15,9,0,0,0,0,0,0,0,N/A,0,63,46,381,8.28,2,1,1,2,N/A,N/A,48,94.1,98.1,71.1,N/A,89,N/A,2011
229,Delone Carter,IND,RB,24,16,3,0,0,0,0,0,101,377,3.73,2,8,5,18,3.60,0,3,3,2,N/A,N/A,46,50.5,56.5,48.0,N/A,66,N/A,2011
230,Marcedes Lewis,JAX,TE,27,15,15,0,0,0,0,0,0,0,N/A,0,85,39,460,11.79,0,0,N/A,0,N/A,N/A,46,85.0,88.0,65.5,N/A,33,N/A,2011
231,Kenny Britt,TEN,WR,23,3,3,0,0,0,0,0,0,0,N/A,0,26,17,289,17.00,3,1,1,3,N/A,N/A,45,61.9,65.9,53.4,N/A,92,N/A,2011
232,Vincent Brown,SDG,WR,22,14,4,0,0,0,0,0,0,0,N/A,0,40,19,329,17.32,2,0,N/A,2,N/A,N/A,45,63.9,66.9,54.4,N/A,93,N/A,2011
233,Dallas Clark,IND,TE,32,11,10,0,0,0,0,0,0,0,N/A,0,65,34,352,10.35,2,1,1,2,N/A,N/A,45,79.2,83.2,62.2,N/A,34,N/A,2011
234,Jeff King,ARI,TE,28,16,10,0,0,0,0,0,0,0,N/A,0,34,27,271,10.04,3,0,N/A,3,N/A,N/A,45,72.1,75.1,58.6,N/A,35,N/A,2011
235,Dane Sanzenbacher,CHI,WR,23,16,1,0,0,0,0,0,1,-4,-4.00,0,54,27,276,10.22,3,0,N/A,3,N/A,N/A,45,72.2,75.2,58.7,N/A,91,N/A,2011
236,Kyle Williams,SFO,WR,23,13,1,0,0,0,0,0,2,32,16.00,0,31,20,241,12.05,3,0,N/A,3,N/A,N/A,45,65.3,68.3,55.3,N/A,90,N/A,2011
237,Matt Flynn,GNB,QB,26,5,1,33,49,518,6,2,13,-6,-0.46,1,0,0,0,N/A,0,1,1,1,N/A,N/A,44,44.1,50.1,46.1,N/A,42,N/A,2011
238,T.J. Yates,HOU,QB,24,6,5,82,134,949,3,3,14,57,4.07,0,0,0,0,N/A,0,5,3,0,N/A,N/A,44,43.7,52.7,46.7,N/A,43,N/A,2011
239,Chris Ivory,NOR,RB,23,6,2,0,0,0,0,0,79,374,4.73,1,1,0,0,N/A,0,0,N/A,1,N/A,N/A,43,43.4,46.4,43.4,N/A,67,N/A,2011
240,Kyle Rudolph,MIN,TE,22,15,8,0,0,0,0,0,0,0,N/A,0,39,26,249,9.58,3,0,N/A,3,N/A,N/A,43,68.9,71.9,55.9,N/A,36,N/A,2011
241,Brad Smith,BUF,WR,28,15,5,0,1,0,0,1,20,87,4.35,1,42,23,240,10.43,1,0,N/A,2,N/A,N/A,43,65.7,69.7,55.2,N/A,95,N/A,2011
242,Donte' Stallworth,WAS,WR,31,11,0,0,0,0,0,0,2,1,0.50,0,38,22,309,14.05,2,0,N/A,2,N/A,N/A,43,65.0,68.0,54.0,N/A,94,N/A,2011
243,Earl Bennett,CHI,WR,24,11,4,0,0,0,0,0,0,0,N/A,0,43,24,381,15.88,1,1,1,1,N/A,N/A,42,66.1,70.1,54.1,N/A,96,N/A,2011
244,Daniel Fells,DEN,TE,28,16,15,0,0,0,0,0,0,0,N/A,0,31,19,256,13.47,3,2,1,3,N/A,N/A,42,60.6,64.6,51.1,N/A,37,N/A,2011
245,Charles Clay,MIA,TE,22,14,9,0,0,0,0,0,0,0,N/A,0,25,16,233,14.56,3,0,N/A,3,N/A,N/A,41,57.3,60.3,49.3,N/A,38,N/A,2011
246,Jacoby Ford,OAK,WR,24,8,3,0,0,0,0,0,4,31,7.75,0,33,19,279,14.68,1,3,1,2,N/A,N/A,41,60.0,64.0,50.5,N/A,98,N/A,2011
247,Ted Ginn Jr.,SFO,WR,26,14,3,0,0,0,0,0,8,68,8.50,0,33,19,220,11.58,0,0,N/A,2,N/A,N/A,41,59.8,62.8,50.3,N/A,99,N/A,2011
248,Javon Ringer,TEN,RB,24,12,0,0,0,0,0,0,59,185,3.14,1,36,28,187,6.68,0,1,1,1,N/A,N/A,41,69.2,76.2,55.2,N/A,68,N/A,2011
249,Emmanuel Sanders,PIT,WR,24,11,0,1,1,15,0,0,0,0,N/A,0,43,22,288,13.09,2,0,N/A,2,N/A,N/A,41,63.4,66.4,52.4,N/A,97,N/A,2011
250,Vince Young,PHI,QB,28,6,3,66,114,866,4,9,18,79,4.39,0,0,0,0,N/A,0,2,N/A,0,N/A,N/A,41,40.5,52.5,49.5,N/A,44,N/A,2011
251,Jeremy Kerley,NYJ,WR,23,14,1,1,1,41,0,0,5,28,5.60,0,47,29,314,10.83,1,3,1,1,N/A,N/A,40,68.8,72.8,54.3,N/A,100,N/A,2011
252,Kregg Lumpkin,TAM,RB,27,16,0,0,0,0,0,0,31,105,3.39,0,53,41,291,7.10,0,0,N/A,0,N/A,N/A,40,80.6,86.6,60.1,N/A,69,N/A,2011
253,Evan Royster,WAS,RB,24,6,2,0,0,0,0,0,56,328,5.86,0,14,9,68,7.56,0,0,N/A,0,N/A,N/A,40,48.6,51.6,44.1,N/A,70,N/A,2011
254,Montario Hardesty,CLE,RB,24,10,4,0,0,0,0,0,88,266,3.02,0,21,14,122,8.71,0,1,N/A,0,N/A,N/A,39,52.8,58.8,45.8,N/A,72,N/A,2011
255,Chaz Schilens,OAK,WR,26,15,5,0,0,0,0,0,0,0,N/A,0,34,23,271,11.78,2,0,N/A,2,N/A,N/A,39,62.1,65.1,50.6,N/A,101,N/A,2011
256,Jason Snelling,ATL,RB,28,15,0,0,0,0,0,0,44,151,3.43,0,32,26,179,6.88,1,0,N/A,1,N/A,N/A,39,65.0,71.0,52.0,N/A,71,N/A,2011
257,Kellen Clemens,STL,QB,28,3,3,48,91,546,2,1,6,37,6.17,1,1,0,0,N/A,0,2,N/A,1,N/A,N/A,38,37.5,41.5,38.5,N/A,45,N/A,2011
258,Riley Cooper,PHI,WR,24,16,3,0,0,0,0,0,0,0,N/A,0,35,16,315,19.69,1,0,N/A,1,N/A,N/A,38,53.5,56.5,45.5,N/A,102,N/A,2011
259,Delanie Walker,SFO,RB,27,15,7,0,0,0,0,0,3,5,1.67,0,35,19,198,10.42,3,0,N/A,3,N/A,N/A,38,57.3,60.3,47.8,N/A,73,N/A,2011
260,Earnest Graham,TAM,RB,31,7,2,0,0,0,0,0,37,206,5.57,0,31,26,163,6.27,0,1,N/A,0,N/A,N/A,37,62.9,68.9,49.9,N/A,75,N/A,2011
261,Louis Murphy,OAK,WR,24,11,1,0,0,0,0,0,6,69,11.50,1,33,15,241,16.07,0,0,N/A,1,N/A,N/A,37,52.0,55.0,44.5,N/A,103,N/A,2011
262,Danny Ware,NYG,RB,26,16,1,0,0,0,0,0,46,163,3.54,0,37,27,170,6.30,0,0,N/A,0,2,N/A,37,64.3,70.3,50.8,N/A,74,N/A,2011
263,Jerricho Cotchery,PIT,WR,29,13,0,0,0,0,0,0,1,3,3.00,0,30,16,237,14.81,2,0,N/A,2,N/A,N/A,36,52.0,55.0,44.0,N/A,104,N/A,2011
264,Keiland Williams,DET,RB,25,15,0,0,0,0,0,0,58,195,3.36,2,8,8,62,7.75,0,2,1,2,N/A,N/A,36,43.7,47.7,39.7,N/A,76,N/A,2011
265,Todd Heap,ARI,TE,31,10,4,0,0,0,0,0,0,0,N/A,0,36,24,283,11.79,1,0,N/A,1,N/A,N/A,34,58.3,61.3,46.3,N/A,39,N/A,2011
266,Chad Johnson,NWE,WR,33,15,3,0,0,0,0,0,0,0,N/A,0,32,15,276,18.40,1,0,N/A,1,N/A,N/A,34,48.6,51.6,41.1,N/A,105,N/A,2011
267,Seneca Wallace,CLE,QB,31,6,3,55,107,567,2,2,7,70,10.00,0,1,1,21,21.00,0,1,1,0,N/A,N/A,34,34.8,40.8,36.3,N/A,46,N/A,2011
268,Leon Washington,SEA,RB,29,16,1,0,0,0,0,0,53,248,4.68,1,14,10,48,4.80,0,2,1,1,N/A,N/A,34,43.6,47.6,38.6,N/A,77,N/A,2011
269,James Casey,HOU,RB,27,14,7,0,0,0,0,0,1,11,11.00,0,24,18,260,14.44,1,0,N/A,1,N/A,N/A,33,51.1,54.1,42.1,N/A,79,N/A,2011
270,Jarett Dillard,JAX,WR,26,14,5,0,0,0,0,0,0,0,N/A,0,50,29,292,10.07,1,1,1,1,N/A,N/A,33,62.2,66.2,47.7,N/A,106,N/A,2011
271,Justin Forsett,SEA,RB,26,16,0,0,0,0,0,0,46,145,3.15,1,34,23,128,5.57,0,0,N/A,1,N/A,N/A,33,56.3,62.3,44.8,N/A,78,N/A,2011
272,Jordan Norwood,CLE,WR,25,14,4,0,0,0,0,0,0,0,N/A,0,34,23,268,11.65,1,1,N/A,1,N/A,N/A,33,55.8,58.8,44.3,N/A,107,N/A,2011
273,Matt Willis,DEN,WR,27,16,0,0,0,0,0,0,0,0,N/A,0,36,18,267,14.83,1,1,N/A,1,N/A,N/A,33,50.7,53.7,41.7,N/A,108,N/A,2011
274,Lance Kendricks,STL,TE,23,15,10,0,0,0,0,0,1,-8,-8.00,0,58,28,352,12.57,0,1,1,0,N/A,N/A,32,60.4,64.4,46.4,N/A,40,N/A,2011
275,Knowshon Moreno,DEN,RB,24,7,2,0,0,0,0,0,37,179,4.84,0,15,11,101,9.18,1,1,1,1,N/A,N/A,32,43.0,50.0,37.5,N/A,80,N/A,2011
276,Naaman Roosevelt,BUF,WR,24,10,0,0,0,0,0,0,0,0,N/A,0,26,16,257,16.06,1,0,N/A,1,N/A,N/A,32,47.7,50.7,39.7,N/A,110,N/A,2011
277,Eddie Royal,DEN,WR,25,12,8,0,0,0,0,0,7,48,6.86,0,50,19,155,8.16,1,0,N/A,2,N/A,N/A,32,51.3,54.3,41.8,N/A,109,N/A,2011
278,Jonathan Baldwin,KAN,WR,22,11,3,0,0,0,0,0,0,0,N/A,0,52,21,254,12.10,1,0,N/A,1,N/A,N/A,31,52.4,55.4,41.9,N/A,111,N/A,2011
279,Derek Hagan,2TM,WR,27,10,3,0,0,0,0,0,0,0,N/A,0,42,24,252,10.50,1,0,N/A,1,N/A,N/A,31,55.2,58.2,43.2,N/A,112,N/A,2011
280,Leonard Pope,KAN,TE,28,16,10,0,0,0,0,0,0,0,N/A,0,34,24,247,10.29,1,0,N/A,1,N/A,N/A,31,54.7,57.7,42.7,N/A,41,N/A,2011
281,Tashard Choice,3TM,RB,27,13,1,0,0,0,0,0,57,152,2.67,1,30,19,124,6.53,0,3,2,1,N/A,N/A,30,48.6,56.6,39.1,N/A,82,N/A,2011
282,Brian Leonard,CIN,RB,27,13,0,0,0,0,0,0,17,85,5.00,0,31,22,210,9.55,0,0,N/A,0,N/A,N/A,30,51.5,54.5,40.5,N/A,83,N/A,2011
283,Mewelde Moore,PIT,RB,29,12,0,0,0,0,0,0,22,157,7.14,0,14,11,104,9.45,1,2,1,1,N/A,N/A,30,41.1,48.1,35.6,N/A,81,N/A,2011
284,Mike Williams,SEA,WR,27,12,10,0,0,0,0,0,0,0,N/A,0,38,18,236,13.11,1,0,N/A,1,N/A,N/A,30,47.6,50.6,38.6,N/A,113,N/A,2011
285,Jed Collins,NOR,RB,25,16,11,0,0,0,0,0,4,4,1.00,2,14,11,50,4.55,2,0,N/A,4,N/A,N/A,29,40.4,40.4,34.9,N/A,84,N/A,2011
286,Patrick Crayton,SDG,WR,32,14,1,0,0,0,0,0,0,0,N/A,0,34,23,248,10.78,1,2,1,1,N/A,N/A,29,51.8,55.8,40.3,N/A,115,N/A,2011
287,Andrew Hawkins,CIN,WR,25,13,0,0,0,0,0,0,5,25,5.00,0,34,23,263,11.43,0,0,N/A,0,N/A,N/A,29,51.8,54.8,40.3,N/A,116,N/A,2011
288,Donald Jones,BUF,WR,24,8,7,0,0,0,0,0,1,2,2.00,0,46,23,231,10.04,1,0,N/A,1,N/A,N/A,29,52.3,55.3,40.8,N/A,114,N/A,2011
289,Joe McKnight,NYJ,RB,23,15,0,0,0,0,0,0,43,134,3.12,0,18,13,139,10.69,0,3,2,1,N/A,N/A,29,42.3,50.3,35.8,N/A,85,N/A,2011
290,Caleb Hanie,CHI,QB,26,6,4,51,102,613,3,9,13,98,7.54,0,0,0,0,N/A,0,1,N/A,0,N/A,N/A,28,28.3,40.3,37.3,N/A,47,N/A,2011
291,Josh Morgan,SFO,WR,26,5,5,0,0,0,0,0,0,0,N/A,0,20,15,220,14.67,1,0,N/A,1,N/A,N/A,28,43.0,46.0,35.5,N/A,118,N/A,2011
292,Ryan Torain,WAS,RB,25,8,4,0,0,0,0,0,59,200,3.39,1,9,6,23,3.83,0,1,N/A,1,N/A,N/A,28,34.3,37.3,31.3,N/A,86,N/A,2011
293,Chastin West,JAX,WR,24,12,1,0,0,0,0,0,0,0,N/A,0,27,13,163,12.54,2,0,N/A,2,N/A,N/A,28,41.3,44.3,34.8,N/A,117,N/A,2011
294,Randy McMichael,SDG,TE,32,16,14,0,0,0,0,0,0,0,N/A,0,44,30,271,9.03,0,0,N/A,0,N/A,N/A,27,57.1,60.1,42.1,N/A,42,N/A,2011
295,Derrick Ward,HOU,RB,31,12,1,0,0,0,0,0,45,154,3.42,2,1,0,0,N/A,0,0,N/A,2,N/A,N/A,27,27.4,30.4,27.4,N/A,87,N/A,2011
296,Deji Karim,JAX,RB,25,12,0,0,0,0,0,0,63,130,2.06,0,19,14,120,8.57,0,1,N/A,0,N/A,N/A,25,39.0,45.0,32.0,N/A,89,N/A,2011
297,Le'Ron McClain,KAN,RB,27,16,10,0,0,0,0,0,15,51,3.40,1,22,14,82,5.86,1,0,N/A,2,N/A,N/A,25,39.3,39.3,32.3,N/A,88,N/A,2011
298,Josh McCown,CHI,QB,32,3,2,35,55,414,2,4,12,68,5.67,0,0,0,0,N/A,0,2,N/A,0,1,N/A,25,25.4,32.4,29.4,N/A,48,N/A,2011
299,Tyler Palko,KAN,QB,28,6,4,80,134,796,2,7,5,15,3.00,0,0,0,0,N/A,0,1,1,0,N/A,N/A,25,25.3,36.3,32.3,N/A,49,N/A,2011
300,Austin Pettis,STL,WR,23,12,3,0,0,0,0,0,1,-6,-6.00,0,48,27,256,9.48,0,2,N/A,0,N/A,N/A,25,52.0,55.0,38.5,N/A,120,N/A,2011
301,Greg Salas,STL,WR,23,6,0,0,0,0,0,0,1,8,8.00,0,38,27,264,9.78,0,3,1,0,N/A,N/A,25,52.2,56.2,38.7,N/A,119,N/A,2011
302,Anthony Armstrong,WAS,WR,28,14,2,0,0,0,0,0,2,19,9.50,0,27,7,103,14.71,2,0,N/A,2,N/A,N/A,24,31.2,34.2,27.7,N/A,121,N/A,2011
303,Jacob Tamme,IND,TE,26,16,5,0,0,0,0,0,0,0,N/A,0,31,19,177,9.32,1,0,N/A,1,N/A,N/A,24,42.7,45.7,33.2,N/A,43,N/A,2011
304,Darrel Young,WAS,RB,24,13,8,0,0,0,0,0,6,33,5.50,1,19,15,146,9.73,0,0,N/A,1,N/A,N/A,24,38.9,41.9,31.4,N/A,90,N/A,2011
305,Zach Miller,SEA,TE,26,15,15,0,0,0,0,0,0,0,N/A,0,44,25,233,9.32,0,0,N/A,0,N/A,N/A,23,48.3,51.3,35.8,N/A,44,N/A,2011
306,Craig Stevens,TEN,TE,27,15,11,0,0,0,0,0,0,0,N/A,0,14,9,166,18.44,1,0,N/A,1,N/A,N/A,23,31.6,34.6,27.1,N/A,45,N/A,2011
307,Chester Taylor,ARI,RB,32,12,1,0,0,0,0,0,20,77,3.85,1,24,14,91,6.50,0,0,N/A,1,N/A,N/A,23,36.8,36.8,29.8,N/A,91,N/A,2011
308,Curtis Brinkley,SDG,RB,26,10,1,0,0,0,0,0,30,101,3.37,1,9,7,41,5.86,0,0,N/A,1,1,N/A,22,29.2,32.2,25.7,N/A,92,N/A,2011
309,Clay Harbor,PHI,TE,24,16,3,0,0,0,0,0,0,0,N/A,0,19,13,163,12.54,1,0,N/A,1,N/A,N/A,22,35.3,38.3,28.8,N/A,46,N/A,2011
310,Anthony Dixon,SFO,RB,24,16,0,0,0,0,0,0,29,87,3.00,2,1,1,6,6.00,0,0,N/A,2,N/A,N/A,21,22.3,22.3,21.8,N/A,93,N/A,2011
311,T.J. Houshmandzadeh,OAK,WR,34,9,0,0,0,0,0,0,0,0,N/A,0,19,11,146,13.27,1,0,N/A,1,N/A,N/A,21,31.6,34.6,26.1,N/A,122,N/A,2011
312,A.J. Feeley,STL,QB,34,5,3,53,97,548,1,2,3,4,1.33,0,0,0,0,N/A,0,3,1,0,N/A,N/A,20,20.3,26.3,22.3,N/A,50,N/A,2011
313,Jacob Hester,SDG,RB,26,16,3,0,0,0,0,0,28,90,3.21,0,18,12,48,4.00,1,2,N/A,1,N/A,N/A,20,31.8,31.8,25.8,N/A,94,N/A,2011
314,Kerry Collins,IND,QB,39,3,3,48,98,481,2,1,2,-1,-0.50,0,0,0,0,N/A,0,4,3,0,N/A,N/A,19,19.1,26.1,20.1,N/A,51,N/A,2011
315,Alex Smith,CLE,TE,29,14,4,0,0,0,0,0,0,0,N/A,0,25,14,131,9.36,1,0,N/A,1,N/A,N/A,19,33.1,36.1,26.1,N/A,47,N/A,2011
316,Ronnie Brown,PHI,RB,30,16,2,0,0,0,0,0,42,136,3.24,1,2,0,0,N/A,0,1,1,1,N/A,N/A,18,17.6,21.6,17.6,N/A,96,N/A,2011
317,Braylon Edwards,SFO,WR,28,9,5,0,0,0,0,0,0,0,N/A,0,34,15,181,12.07,0,0,N/A,0,N/A,N/A,18,33.1,36.1,25.6,N/A,125,N/A,2011
318,Leonard Hankerson,WAS,WR,22,4,2,0,0,0,0,0,0,0,N/A,0,20,13,163,12.54,0,0,N/A,0,1,N/A,18,31.3,34.3,24.8,N/A,124,N/A,2011
319,Alfonso Smith,ARI,RB,24,15,0,0,0,0,0,0,30,102,3.40,1,5,3,21,7.00,0,0,N/A,1,N/A,N/A,18,21.3,24.3,19.8,N/A,95,N/A,2011
320,Steve Smith,PHI,WR,26,9,1,0,0,0,0,0,0,0,N/A,0,20,11,124,11.27,1,1,N/A,1,N/A,N/A,18,29.4,32.4,23.9,N/A,123,N/A,2011
321,Jesse Holley,DAL,WR,27,16,0,0,0,0,0,0,0,0,N/A,0,7,7,169,24.14,0,0,N/A,0,N/A,N/A,17,23.9,26.9,20.4,N/A,127,N/A,2011
322,Ricardo Lockette,SEA,WR,25,2,0,0,0,0,0,0,0,0,N/A,0,4,2,105,52.50,1,0,N/A,1,N/A,N/A,17,18.5,21.5,17.5,N/A,128,N/A,2011
323,Derrick Mason,2TM,WR,37,12,2,0,0,0,0,0,0,0,N/A,0,35,19,170,8.95,0,0,N/A,0,N/A,N/A,17,36.0,39.0,26.5,N/A,126,N/A,2011
324,Matt Spaeth,CHI,TE,28,15,8,0,0,0,0,0,0,0,N/A,0,11,7,50,7.14,2,0,N/A,2,N/A,N/A,17,24.0,24.0,20.5,N/A,48,N/A,2011
325,John Phillips,DAL,TE,24,16,7,0,0,0,0,0,0,0,N/A,0,18,15,101,6.73,1,0,N/A,1,N/A,N/A,16,31.1,34.1,23.6,N/A,49,N/A,2011
326,Phillip Tanner,DAL,RB,23,9,0,0,0,0,0,0,22,76,3.45,1,2,2,19,9.50,0,0,N/A,1,N/A,N/A,16,17.5,17.5,16.5,N/A,97,N/A,2011
327,Patrick Turner,NYJ,WR,24,15,1,0,0,0,0,0,0,0,N/A,0,15,8,96,12.00,1,0,N/A,1,N/A,N/A,16,23.6,23.6,19.6,N/A,129,N/A,2011
328,Travis Beckum,NYG,TE,24,13,0,0,0,0,0,0,0,0,N/A,0,10,5,93,18.60,1,0,N/A,1,N/A,N/A,15,20.3,20.3,17.8,N/A,50,N/A,2011
329,Lex Hilliard,MIA,RB,27,16,4,0,0,0,0,0,16,41,2.56,1,7,5,49,9.80,0,0,N/A,1,N/A,N/A,15,20.0,20.0,17.5,N/A,99,N/A,2011
330,Bryant Johnson,HOU,WR,30,16,0,0,0,0,0,0,1,1,1.00,0,12,6,90,15.00,1,0,N/A,1,N/A,N/A,15,21.1,21.1,18.1,N/A,130,N/A,2011
331,David Johnson,PIT,TE,24,16,16,0,0,0,0,0,0,0,N/A,0,14,12,91,7.58,1,0,N/A,1,N/A,N/A,15,27.1,27.1,21.1,N/A,51,N/A,2011
332,Josh Johnson,TAM,QB,25,9,1,19,36,246,1,2,11,67,6.09,0,2,0,0,N/A,0,1,1,0,N/A,N/A,15,14.5,17.5,16.5,N/A,52,N/A,2011
333,Anthony McCoy,SEA,TE,24,16,9,0,0,0,0,0,0,0,N/A,0,24,13,146,11.23,0,0,N/A,0,N/A,N/A,15,27.6,30.6,21.1,N/A,53,N/A,2011
334,Bruce Miller,SFO,RB,24,15,8,0,0,0,0,0,4,8,2.00,0,15,11,83,7.55,1,1,N/A,1,N/A,N/A,15,26.1,26.1,20.6,N/A,98,N/A,2011
335,Ovie Mughelli,ATL,RB,31,7,5,0,0,0,0,0,2,1,0.50,0,8,4,25,6.25,2,0,N/A,2,N/A,N/A,15,18.6,18.6,16.6,N/A,101,N/A,2011
336,Brandon Myers,OAK,TE,26,16,7,0,0,0,0,0,0,0,N/A,0,27,16,151,9.44,0,0,N/A,0,N/A,N/A,15,31.1,34.1,23.1,N/A,52,N/A,2011
337,Kevin Ogletree,DAL,WR,24,14,1,0,0,0,0,0,2,3,1.50,0,26,15,164,10.93,0,1,1,0,N/A,N/A,15,29.7,33.7,22.2,N/A,132,N/A,2011
338,Steve Slaton,2TM,RB,25,6,0,0,0,0,0,0,24,84,3.50,1,4,3,3,1.00,0,0,N/A,1,N/A,N/A,15,17.7,17.7,16.2,N/A,100,N/A,2011
339,Mike Sims-Walker,2TM,WR,27,6,4,0,0,0,0,0,0,0,N/A,0,33,12,150,12.50,0,0,N/A,0,N/A,N/A,15,27.0,30.0,21.0,N/A,131,N/A,2011
340,David Anderson,2TM,WR,28,6,0,0,0,0,0,0,0,0,N/A,0,16,7,79,11.29,1,0,N/A,1,N/A,N/A,14,20.9,20.9,17.4,N/A,133,N/A,2011
341,Martellus Bennett,DAL,TE,24,14,7,0,0,0,0,0,0,0,N/A,0,26,17,144,8.47,0,0,N/A,0,N/A,N/A,14,31.4,34.4,22.9,N/A,54,N/A,2011
342,Jeremiah Johnson,DEN,RB,24,8,0,0,0,0,0,0,14,77,5.50,0,9,7,62,8.86,0,0,N/A,0,N/A,N/A,14,20.9,20.9,17.4,N/A,102,N/A,2011
343,Dion Lewis,PHI,RB,21,15,0,0,0,0,0,0,23,102,4.43,1,1,1,-3,-3.00,0,1,1,1,N/A,N/A,14,14.9,18.9,14.4,N/A,103,N/A,2011
344,Stephen McGee,DAL,QB,26,1,0,24,38,182,1,0,4,28,7.00,0,0,0,0,N/A,0,0,N/A,0,N/A,N/A,14,14.1,14.1,14.1,N/A,53,N/A,2011
345,Bear Pascoe,NYG,TE,25,16,11,0,0,0,0,0,0,0,N/A,0,16,12,136,11.33,0,0,N/A,0,N/A,N/A,14,25.6,28.6,19.6,N/A,56,N/A,2011
346,Logan Paulsen,WAS,TE,24,16,6,0,0,0,0,0,0,0,N/A,0,19,11,138,12.55,0,0,N/A,0,N/A,N/A,14,24.8,27.8,19.3,N/A,55,N/A,2011
347,Brandon Saine,GNB,RB,23,8,0,0,0,0,0,0,18,69,3.83,0,12,10,69,6.90,0,0,N/A,0,N/A,N/A,14,23.8,23.8,18.8,N/A,104,N/A,2011
348,Jamaal Charles,KAN,RB,25,2,1,0,0,0,0,0,12,83,6.92,0,6,5,9,1.80,1,1,1,1,N/A,N/A,13,18.2,19.2,15.7,N/A,105,N/A,2011
349,Jonathan Dwyer,PIT,RB,22,7,0,0,0,0,0,0,16,123,7.69,0,1,1,6,6.00,0,0,N/A,0,N/A,N/A,13,13.9,16.9,13.4,N/A,106,N/A,2011
350,Mossis Madu,TAM,RB,24,9,0,0,0,0,0,0,15,55,3.67,0,12,10,72,7.20,0,0,N/A,0,N/A,N/A,13,22.7,22.7,17.7,N/A,107,N/A,2011
351,Michael Palmer,ATL,TE,23,16,2,0,0,0,0,0,0,0,N/A,0,16,10,72,7.20,1,0,N/A,1,N/A,N/A,13,23.2,23.2,18.2,N/A,57,N/A,2011
352,Charlie Whitehurst,SEA,QB,29,3,2,27,56,298,1,1,4,13,3.25,0,0,0,0,N/A,0,2,1,0,N/A,N/A,13,13.2,15.2,14.2,N/A,54,N/A,2011
353,Terrence Austin,WAS,WR,23,13,0,0,0,0,0,0,0,0,N/A,0,26,12,137,11.42,0,1,1,0,N/A,N/A,12,23.7,27.7,17.7,N/A,135,N/A,2011
354,Greg Camarillo,MIN,WR,29,13,0,0,0,0,0,0,0,0,N/A,0,24,9,121,13.44,0,0,N/A,0,N/A,N/A,12,21.1,24.1,16.6,N/A,134,N/A,2011
355,Colin Cloherty,JAX,TE,24,4,1,0,0,0,0,0,0,0,N/A,0,8,4,57,14.25,0,0,N/A,1,N/A,N/A,12,15.7,15.7,13.7,N/A,58,N/A,2011
356,Jamie Harper,TEN,RB,22,13,0,0,0,0,0,0,17,44,2.59,1,6,4,32,8.00,0,1,1,1,N/A,N/A,12,15.6,16.6,13.6,N/A,111,N/A,2011
357,Spencer Larsen,DEN,RB,27,16,6,0,0,0,0,0,14,44,3.14,0,9,9,76,8.44,0,0,N/A,0,N/A,N/A,12,21.0,21.0,16.5,N/A,109,N/A,2011
358,Donald Lee,CIN,TE,31,9,4,0,0,0,0,0,0,0,N/A,0,13,11,115,10.45,0,0,N/A,0,N/A,N/A,12,22.5,25.5,17.0,N/A,60,N/A,2011
359,Michael Robinson*,SEA,RB,28,14,4,0,0,0,0,0,4,7,1.75,0,14,9,74,8.22,1,1,1,1,N/A,N/A,12,21.1,22.1,16.6,N/A,108,N/A,2011
360,Dante Rosario,2TM,TE,27,16,3,0,0,0,0,0,0,0,N/A,0,11,7,117,16.71,0,0,N/A,0,N/A,N/A,12,18.7,21.7,15.2,N/A,59,N/A,2011
361,Shane Vereen,NWE,RB,22,5,0,0,0,0,0,0,15,57,3.80,1,0,0,0,N/A,0,0,N/A,1,N/A,N/A,12,11.7,11.7,11.7,N/A,110,N/A,2011
362,Donnie Avery,TEN,WR,27,8,0,0,0,0,0,0,0,0,N/A,0,11,3,45,15.00,1,0,N/A,1,N/A,N/A,11,13.5,13.5,12.0,N/A,139,N/A,2011
363,Lorenzo Booker,MIN,RB,27,15,0,0,0,0,0,0,13,52,4.00,0,14,8,82,10.25,0,3,1,0,N/A,N/A,11,19.4,20.4,15.4,N/A,112,N/A,2011
364,John Conner,NYJ,RB,24,16,8,0,0,0,0,0,13,44,3.38,1,5,2,9,4.50,0,0,N/A,1,N/A,N/A,11,13.3,13.3,12.3,N/A,113,N/A,2011
365,Terrance Copper,KAN,WR,29,16,2,0,0,0,0,0,0,0,N/A,0,12,8,114,14.25,0,0,N/A,0,N/A,N/A,11,19.4,22.4,15.4,N/A,136,N/A,2011
366,Domenik Hixon,NYG,WR,27,2,0,0,0,0,0,0,0,0,N/A,0,6,4,50,12.50,1,0,N/A,1,N/A,N/A,11,15.0,15.0,13.0,N/A,137,N/A,2011
367,Rob Housler,ARI,TE,23,12,2,0,0,0,0,0,0,0,N/A,0,26,12,133,11.08,0,1,1,0,N/A,N/A,11,23.3,27.3,17.3,N/A,61,N/A,2011
368,Sam Hurd,CHI,WR,26,12,0,0,0,0,0,0,0,0,N/A,0,15,8,109,13.63,0,1,N/A,0,N/A,N/A,11,18.9,21.9,14.9,N/A,138,N/A,2011
369,Sammy Morris,DAL,RB,34,3,0,0,0,0,0,0,28,98,3.50,0,7,5,13,2.60,0,0,N/A,0,N/A,N/A,11,16.1,16.1,13.6,N/A,114,N/A,2011
370,John Clay,PIT,RB,23,2,0,0,0,0,0,0,10,41,4.10,1,0,0,0,N/A,0,0,N/A,1,N/A,N/A,10,10.1,10.1,10.1,N/A,116,N/A,2011
371,Colin Cochart,CIN,TE,24,10,3,0,0,0,0,0,0,0,N/A,0,9,5,44,8.80,1,0,N/A,1,N/A,N/A,10,15.4,15.4,12.9,N/A,62,N/A,2011
372,Tom Crabtree,GNB,TE,26,16,9,0,0,0,0,0,0,0,N/A,0,8,6,38,6.33,1,0,N/A,1,N/A,N/A,10,15.8,15.8,12.8,N/A,64,N/A,2011
373,Jake Delhomme,HOU,QB,36,1,0,18,28,211,1,0,0,0,N/A,0,0,0,0,N/A,0,1,1,0,N/A,N/A,10,10.4,11.4,10.4,N/A,55,N/A,2011
374,Julian Edelman,NWE,WR,25,13,0,0,0,0,0,0,4,8,2.00,0,9,4,34,8.50,0,3,N/A,1,N/A,N/A,10,14.2,14.2,12.2,N/A,140,N/A,2011
375,Taiwan Jones,OAK,RB,23,10,0,0,0,0,0,0,16,73,4.56,0,3,2,25,12.50,0,0,N/A,0,N/A,N/A,10,11.8,11.8,10.8,N/A,117,N/A,2011
376,Vonta Leach*+,BAL,RB,30,16,16,0,0,0,0,0,12,35,2.92,0,27,15,69,4.60,0,0,N/A,0,N/A,N/A,10,25.4,25.4,17.9,N/A,115,N/A,2011
377,Zach Miller,JAX,TE,27,4,0,0,0,0,0,0,0,0,N/A,0,7,4,42,10.50,1,0,N/A,1,N/A,N/A,10,14.2,14.2,12.2,N/A,63,N/A,2011
378,Jerheme Urban,KAN,WR,31,6,1,0,0,0,0,0,1,7,7.00,0,13,4,35,8.75,1,0,N/A,1,N/A,N/A,10,14.2,14.2,12.2,N/A,141,N/A,2011
379,Ramses Barden,NYG,WR,25,8,0,0,0,0,0,0,0,0,N/A,0,19,9,94,10.44,0,0,N/A,0,N/A,N/A,9,18.4,18.4,13.9,N/A,142,N/A,2011
380,Bernard Berrian,MIN,WR,31,5,1,0,0,0,0,0,0,0,N/A,0,23,7,91,13.00,0,0,N/A,0,N/A,N/A,9,16.1,16.1,12.6,N/A,144,N/A,2011
381,Richie Brockel,CAR,TE,25,11,2,0,0,0,0,0,3,12,4.00,1,3,3,13,4.33,0,0,N/A,1,N/A,N/A,9,11.5,11.5,10.0,N/A,66,N/A,2011
382,Keary Colbert,KAN,WR,29,7,0,0,0,0,0,0,0,0,N/A,0,12,9,89,9.89,0,1,N/A,0,N/A,N/A,9,17.9,17.9,13.4,N/A,147,N/A,2011
383,Kevin Faulk,NWE,RB,35,7,3,0,0,0,0,0,17,57,3.35,0,9,7,34,4.86,0,0,N/A,0,N/A,N/A,9,16.1,16.1,12.6,N/A,118,N/A,2011
384,Daniel Graham,TEN,TE,33,16,7,0,0,0,0,0,0,0,N/A,0,5,2,25,12.50,1,0,N/A,1,N/A,N/A,9,10.5,10.5,9.5,N/A,67,N/A,2011
385,Chad Hall,PHI,WR,25,7,0,0,0,0,0,0,3,13,4.33,0,9,3,20,6.67,1,0,N/A,1,N/A,N/A,9,12.3,12.3,10.8,N/A,143,N/A,2011
386,Greg Jones,JAX,RB,30,16,9,0,0,0,0,0,2,7,3.50,1,9,4,19,4.75,0,0,N/A,1,N/A,N/A,9,12.6,12.6,10.6,N/A,119,N/A,2011
387,Marc Mariani,TEN,WR,24,16,0,0,0,0,0,0,1,4,4.00,0,12,5,24,4.80,0,1,N/A,1,N/A,N/A,9,13.8,13.8,11.3,N/A,149,N/A,2011
388,Weslye Saunders,PIT,WR,22,16,6,0,0,0,0,0,0,0,N/A,0,8,4,29,7.25,1,0,N/A,1,N/A,N/A,9,12.9,12.9,10.9,N/A,148,N/A,2011
389,Cecil Shorts,JAX,WR,24,10,0,0,0,0,0,0,0,0,N/A,0,12,2,30,15.00,1,0,N/A,1,N/A,N/A,9,11.0,11.0,10.0,N/A,145,N/A,2011
390,Luke Stocker,TAM,TE,23,14,9,0,0,0,0,0,0,0,N/A,0,17,12,92,7.67,0,0,N/A,0,N/A,N/A,9,21.2,21.2,15.2,N/A,65,N/A,2011
391,Eric Weems,ATL,WR,26,16,2,0,0,0,0,0,0,0,N/A,0,14,11,90,8.18,0,0,N/A,0,N/A,N/A,9,20.0,20.0,14.5,N/A,146,N/A,2011
392,John Gilmore,NOR,TE,32,14,4,0,0,0,0,0,0,0,N/A,0,6,3,20,6.67,1,0,N/A,1,N/A,N/A,8,11.0,11.0,9.5,N/A,68,N/A,2011
393,Michael Hoomanawanui,STL,WR,23,8,8,0,0,0,0,0,0,0,N/A,0,13,7,83,11.86,0,0,N/A,0,N/A,N/A,8,15.3,15.3,11.8,N/A,150,N/A,2011
394,Henry Hynoski,NYG,RB,23,11,4,0,0,0,0,0,0,0,N/A,0,16,12,83,6.92,0,0,N/A,0,N/A,N/A,8,20.3,20.3,14.3,N/A,120,N/A,2011
395,Ruvell Martin,BUF,WR,29,14,0,0,0,0,0,0,0,0,N/A,0,16,7,82,11.71,0,0,N/A,0,N/A,N/A,8,15.2,15.2,11.7,N/A,151,N/A,2011
396,Cameron Morrah,SEA,TE,24,9,4,0,0,0,0,0,1,1,1.00,0,13,6,74,12.33,0,0,N/A,0,N/A,N/A,8,13.5,13.5,10.5,N/A,69,N/A,2011
397,Anthony Sherman,ARI,RB,23,15,7,0,0,0,0,0,1,3,3.00,0,9,8,72,9.00,0,0,N/A,0,N/A,N/A,8,15.5,15.5,11.5,N/A,121,N/A,2011
398,Billy Bajema,STL,TE,29,16,12,0,0,0,0,0,0,0,N/A,0,14,9,71,7.89,0,0,N/A,0,N/A,N/A,7,16.1,16.1,11.6,N/A,70,N/A,2011
399,Brandon Banks,WAS,WR,24,16,0,1,1,49,1,0,1,1,1.00,0,1,1,10,10.00,0,7,N/A,0,N/A,N/A,7,8.1,8.1,7.6,N/A,153,N/A,2011
400,Rock Cartwright,OAK,RB,32,15,0,0,0,0,0,0,4,45,11.25,0,6,4,24,6.00,0,0,N/A,0,N/A,N/A,7,10.9,10.9,8.9,N/A,122,N/A,2011
401,Chris Cooley,WAS,TE,29,5,5,0,0,0,0,0,2,3,1.50,0,13,8,65,8.13,0,0,N/A,0,N/A,N/A,7,14.8,14.8,10.8,N/A,71,N/A,2011
402,Lee Evans,BAL,WR,30,9,2,0,0,0,0,0,0,0,N/A,0,26,4,74,18.50,0,0,N/A,0,N/A,N/A,7,11.4,11.4,9.4,N/A,152,N/A,2011
403,Nick Miller,2TM,WR,24,8,0,0,0,0,0,0,0,0,N/A,0,1,1,8,8.00,0,0,N/A,1,N/A,N/A,7,7.8,7.8,7.3,N/A,154,N/A,2011
404,Richard Bartel,ARI,QB,28,2,0,10,22,86,1,1,1,9,9.00,0,0,0,0,N/A,0,0,N/A,0,N/A,N/A,6,6.3,7.3,7.3,N/A,57,N/A,2011
405,Charlie Batch,PIT,QB,37,4,1,15,24,208,0,1,3,-2,-0.67,0,0,0,0,N/A,0,0,N/A,0,N/A,N/A,6,6.1,7.1,7.1,N/A,59,N/A,2011
406,Rashied Davis,DET,WR,32,11,0,0,0,0,0,0,0,0,N/A,0,5,4,63,15.75,0,0,N/A,0,N/A,N/A,6,10.3,10.3,8.3,N/A,155,N/A,2011
407,Richard Goodman,SDG,N/A,24,16,0,0,0,0,0,0,0,0,N/A,0,2,0,0,N/A,0,0,N/A,1,N/A,N/A,6,6.0,6.0,6.0,N/A,156,N/A,2011
408,Bruce Gradkowski,CIN,QB,28,2,0,8,18,109,1,1,3,1,0.33,0,0,0,0,N/A,0,0,N/A,0,N/A,N/A,6,6.5,7.5,7.5,N/A,56,N/A,2011
409,Matt Leinart,HOU,QB,28,2,1,10,13,57,1,0,1,-1,-1.00,0,0,0,0,N/A,0,0,N/A,0,N/A,N/A,6,6.2,6.2,6.2,N/A,58,N/A,2011
410,Brit Miller,STL,RB,25,12,1,0,0,0,0,0,5,14,2.80,0,3,3,41,13.67,0,0,N/A,0,N/A,N/A,6,8.5,8.5,7.0,N/A,123,N/A,2011
411,Matthew Mulligan,NYJ,TE,26,16,9,0,0,0,0,0,0,0,N/A,0,9,5,58,11.60,0,0,N/A,0,N/A,N/A,6,10.8,10.8,8.3,N/A,73,N/A,2011
412,Kealoha Pilares,CAR,N/A,23,12,0,0,0,0,0,0,0,0,N/A,0,0,0,0,N/A,0,1,N/A,1,N/A,N/A,6,6.0,6.0,6.0,N/A,157,N/A,2011
413,Ryan Taylor,GNB,TE,24,15,0,0,0,0,0,0,0,0,N/A,0,1,1,4,4.00,1,0,N/A,1,N/A,N/A,6,7.4,7.4,6.9,N/A,72,N/A,2011
414,Armando Allen,CHI,RB,22,2,0,0,0,0,0,0,15,48,3.20,0,1,0,0,N/A,0,0,N/A,0,N/A,N/A,5,4.8,4.8,4.8,N/A,127,N/A,2011
415,Danny Amendola,STL,WR,26,1,1,0,0,0,0,0,0,0,N/A,0,6,5,45,9.00,0,1,N/A,0,N/A,N/A,5,9.5,9.5,7.0,N/A,160,N/A,2011
416,Deon Butler,SEA,WR,25,5,0,0,0,0,0,0,0,0,N/A,0,7,6,51,8.50,0,0,N/A,0,N/A,N/A,5,11.1,11.1,8.1,N/A,158,N/A,2011
417,Tyler Clutts,CHI,RB,27,16,8,0,0,0,0,0,0,0,N/A,0,10,8,48,6.00,0,1,N/A,0,N/A,N/A,5,12.8,12.8,8.8,N/A,128,N/A,2011
418,Jerome Felton,2TM,RB,25,14,3,0,0,0,0,0,3,10,3.33,0,7,4,40,10.00,0,0,N/A,0,N/A,N/A,5,9.0,9.0,7.0,N/A,125,N/A,2011
419,Ahmard Hall,TEN,RB,32,12,7,0,0,0,0,0,6,24,4.00,0,14,9,46,5.11,0,1,1,0,N/A,N/A,5,14.0,15.0,9.5,N/A,126,N/A,2011
420,DuJuan Harris,JAX,RB,23,5,0,0,0,0,0,0,9,42,4.67,0,2,1,4,4.00,0,0,N/A,0,N/A,N/A,5,5.6,5.6,5.1,N/A,129,N/A,2011
421,Erik Lorig,TAM,RB,25,16,7,0,0,0,0,0,0,0,N/A,0,9,6,53,8.83,0,0,N/A,0,N/A,N/A,5,11.3,11.3,8.3,N/A,124,N/A,2011
422,Jake O'Connell,KAN,TE,26,8,4,0,0,0,0,0,0,0,N/A,0,12,7,52,7.43,0,0,N/A,0,N/A,N/A,5,12.2,12.2,8.7,N/A,74,N/A,2011
423,Zach Potter,JAX,TE,25,15,7,0,0,0,0,0,0,0,N/A,0,7,5,50,10.00,0,0,N/A,0,N/A,N/A,5,10.0,10.0,7.5,N/A,75,N/A,2011
424,Chris Redman,ATL,QB,34,5,0,18,28,188,0,1,5,-6,-1.20,0,0,0,0,N/A,0,0,N/A,0,N/A,N/A,5,4.9,5.9,5.9,N/A,60,N/A,2011
425,LaQuan Williams,BAL,WR,23,12,0,0,0,0,0,0,0,0,N/A,0,12,4,46,11.50,0,2,N/A,0,N/A,N/A,5,8.6,8.6,6.6,N/A,159,N/A,2011
426,Kyle Boller,OAK,QB,30,2,1,15,28,161,0,3,9,38,4.22,0,0,0,0,N/A,0,3,N/A,0,N/A,N/A,4,4.2,7.2,7.2,N/A,61,N/A,2011
427,Stephen Burton,MIN,WR,22,3,0,0,0,0,0,0,0,0,N/A,0,3,2,38,19.00,0,0,N/A,0,N/A,N/A,4,5.8,5.8,4.8,N/A,163,N/A,2011
428,Mike Caussin,BUF,TE,24,6,2,0,0,0,0,0,0,0,N/A,0,6,5,41,8.20,0,0,N/A,0,N/A,N/A,4,9.1,9.1,6.6,N/A,77,N/A,2011
429,Jeff Cumberland,NYJ,TE,24,3,0,0,0,0,0,0,0,0,N/A,0,5,2,35,17.50,0,0,N/A,0,N/A,N/A,4,5.5,5.5,4.5,N/A,80,N/A,2011
430,Tony Fiammetta,DAL,RB,25,10,6,0,0,0,0,0,4,4,1.00,0,5,3,39,13.00,0,0,N/A,0,N/A,N/A,4,7.3,7.3,5.8,N/A,131,N/A,2011
431,Jerome Harrison,DET,RB,28,4,0,0,0,0,0,0,14,41,2.93,0,2,1,3,3.00,0,0,N/A,0,N/A,N/A,4,5.4,5.4,4.9,N/A,130,N/A,2011
432,Will Heller,DET,TE,30,16,7,0,0,0,0,0,0,0,N/A,0,12,6,42,7.00,0,0,N/A,0,N/A,N/A,4,10.2,10.2,7.2,N/A,76,N/A,2011
433,Owen Marecic,CLE,RB,23,14,4,0,0,0,0,0,4,8,2.00,0,7,5,31,6.20,0,1,N/A,0,N/A,N/A,4,8.9,8.9,6.4,N/A,134,N/A,2011
434,Luke McCown,JAX,QB,30,4,2,30,56,296,0,4,7,23,3.29,0,0,0,0,N/A,0,2,1,0,N/A,N/A,4,4.1,9.1,8.1,N/A,62,N/A,2011
435,Jerious Norwood,STL,RB,28,9,0,0,1,0,0,1,24,61,2.54,0,1,0,0,N/A,0,0,N/A,0,N/A,N/A,4,4.1,5.1,5.1,N/A,132,N/A,2011
436,Kassim Osgood,JAX,WR,31,12,2,0,0,0,0,0,0,0,N/A,0,11,5,42,8.40,0,0,N/A,0,N/A,N/A,4,9.2,9.2,6.7,N/A,161,N/A,2011
437,Montell Owens*,JAX,RB,27,13,0,0,0,0,0,0,10,39,3.90,0,3,2,2,1.00,0,0,N/A,0,N/A,N/A,4,6.1,6.1,5.1,N/A,133,N/A,2011
438,Zack Pianalto,TAM,TE,22,13,0,0,0,0,0,0,0,0,N/A,0,5,4,40,10.00,0,0,N/A,0,N/A,N/A,4,8.0,8.0,6.0,N/A,78,N/A,2011
439,Taylor Price,2TM,WR,24,5,0,0,0,0,0,0,0,0,N/A,0,4,2,39,19.50,0,0,N/A,0,N/A,N/A,4,5.9,5.9,4.9,N/A,162,N/A,2011
440,Andrew Quarless,GNB,TE,23,10,2,0,0,0,0,0,0,0,N/A,0,4,3,36,12.00,0,0,N/A,0,N/A,N/A,4,6.6,6.6,5.1,N/A,79,N/A,2011
441,DeMarco Sampson,ARI,WR,26,12,0,0,0,0,0,0,0,0,N/A,0,8,3,36,12.00,0,0,N/A,0,N/A,N/A,4,6.6,6.6,5.1,N/A,165,N/A,2011
442,Owen Schmitt,PHI,RB,26,16,5,0,0,0,0,0,4,6,1.50,0,7,3,32,10.67,0,0,N/A,0,N/A,N/A,4,6.8,6.8,5.3,N/A,135,N/A,2011
443,Devin Thomas,NYG,WR,25,16,0,0,0,0,0,0,0,0,N/A,0,3,3,37,12.33,0,0,N/A,0,N/A,N/A,4,6.7,6.7,5.2,N/A,164,N/A,2011
444,Johnny White,BUF,RB,23,12,0,0,0,0,0,0,12,38,3.17,0,4,1,-3,-3.00,0,0,N/A,0,N/A,N/A,4,4.5,4.5,4.0,N/A,136,N/A,2011
445,Adrian Arrington,NOR,WR,26,4,0,0,0,0,0,0,0,0,N/A,0,3,2,31,15.50,0,0,N/A,0,N/A,N/A,3,5.1,5.1,4.1,N/A,168,N/A,2011
446,Anthony Becht,KAN,TE,34,9,5,0,0,0,0,0,0,0,N/A,0,4,3,26,8.67,0,0,N/A,0,N/A,N/A,3,5.6,5.6,4.1,N/A,84,N/A,2011
447,Kevin Brock,BUF,TE,25,2,0,0,0,0,0,0,0,0,N/A,0,2,2,27,13.50,0,0,N/A,0,N/A,N/A,3,4.7,4.7,3.7,N/A,83,N/A,2011
448,Jordan Cameron,CLE,TE,23,8,2,0,0,0,0,0,0,0,N/A,0,13,6,33,5.50,0,0,N/A,0,N/A,N/A,3,9.3,9.3,6.3,N/A,81,N/A,2011
449,Mark Clayton,STL,WR,29,2,1,0,0,0,0,0,0,0,N/A,0,4,3,26,8.67,0,0,N/A,0,N/A,N/A,3,5.6,5.6,4.1,N/A,174,N/A,2011
450,Jim Dray,ARI,TE,25,10,0,0,0,0,0,0,0,0,N/A,0,5,2,25,12.50,0,0,N/A,0,N/A,N/A,3,4.5,4.5,3.5,N/A,85,N/A,2011
451,Kris Durham,SEA,WR,23,3,0,0,0,0,0,0,0,0,N/A,0,4,3,30,10.00,0,0,N/A,0,N/A,N/A,3,6.0,6.0,4.5,N/A,170,N/A,2011
452,Brody Eldridge,IND,TE,24,13,8,0,0,0,0,0,0,0,N/A,0,10,9,45,5.00,0,0,1,0,N/A,N/A,3,11.5,12.5,7.0,N/A,86,N/A,2011
453,Quinn Johnson,TEN,RB,25,4,1,0,0,0,0,0,0,0,N/A,0,3,3,30,10.00,0,0,N/A,0,N/A,N/A,3,6.0,6.0,4.5,N/A,137,N/A,2011
454,Jon Kitna,DAL,QB,39,3,0,6,10,87,1,2,3,-2,-0.67,0,0,0,0,N/A,0,0,N/A,0,N/A,N/A,3,3.3,5.3,5.3,N/A,63,N/A,2011
455,J.P. Losman,MIA,QB,30,2,0,6,10,60,0,0,2,1,0.50,0,0,0,0,N/A,0,1,N/A,0,N/A,N/A,3,2.5,2.5,2.5,N/A,64,N/A,2011
456,Carlton Mitchell,CLE,WR,23,11,0,0,0,0,0,0,0,0,N/A,0,4,3,31,10.33,0,0,N/A,0,N/A,N/A,3,6.1,6.1,4.6,N/A,169,N/A,2011
457,Niles Paul,WAS,WR,22,13,2,0,0,0,0,0,1,7,7.00,0,5,2,25,12.50,0,0,N/A,0,N/A,N/A,3,5.2,5.2,4.2,N/A,166,N/A,2011
458,Bilal Powell,NYJ,RB,23,2,0,0,0,0,0,0,13,21,1.62,0,1,1,7,7.00,0,1,N/A,0,N/A,N/A,3,3.8,3.8,3.3,N/A,140,N/A,2011
459,Brian Robiskie,CLE,WR,24,6,2,0,0,0,0,0,0,0,N/A,0,9,3,25,8.33,0,0,N/A,0,N/A,N/A,3,5.5,5.5,4.0,N/A,176,N/A,2011
460,Matthew Slater*,NWE,WR,26,16,3,0,0,0,0,0,0,0,N/A,0,3,1,46,46.00,0,1,1,0,N/A,N/A,3,3.6,4.6,3.1,N/A,175,N/A,2011
461,Kory Sperry,SDG,TE,26,16,4,0,0,0,0,0,0,0,N/A,0,5,1,32,32.00,0,0,N/A,0,N/A,N/A,3,4.2,4.2,3.7,N/A,82,N/A,2011
462,Sammie Stroughter,TAM,WR,25,6,0,0,0,0,0,0,0,0,N/A,0,7,4,52,13.00,0,1,1,0,N/A,N/A,3,7.2,8.2,5.2,N/A,167,N/A,2011
463,Manase Tonga,OAK,RB,27,11,3,0,0,0,0,0,1,12,12.00,0,4,3,18,6.00,0,0,N/A,0,N/A,N/A,3,6.0,6.0,4.5,N/A,138,N/A,2011
464,Tiquan Underwood,NWE,WR,24,6,0,0,0,0,0,0,0,0,N/A,0,6,3,30,10.00,0,0,N/A,0,N/A,N/A,3,6.0,6.0,4.5,N/A,171,N/A,2011
465,Lawrence Vickers,HOU,RB,28,14,1,0,0,0,0,0,1,0,0.00,0,8,4,29,7.25,0,0,N/A,0,N/A,N/A,3,6.9,6.9,4.9,N/A,139,N/A,2011
466,Bryan Walters,SDG,WR,24,4,0,0,0,0,0,0,0,0,N/A,0,4,3,27,9.00,0,0,N/A,0,N/A,N/A,3,5.7,5.7,4.2,N/A,172,N/A,2011
467,Ryan Whalen,CIN,WR,22,4,0,0,0,0,0,0,0,0,N/A,0,5,4,27,6.75,0,0,N/A,0,N/A,N/A,3,6.7,6.7,4.7,N/A,173,N/A,2011
468,Brock Bolen,JAX,RB,26,13,0,0,0,0,0,0,2,14,7.00,0,5,2,6,3.00,0,0,N/A,0,N/A,N/A,2,4.0,4.0,3.0,N/A,143,N/A,2011
469,Thomas Clayton,CLE,RB,27,3,0,0,0,0,0,0,8,12,1.50,0,1,1,3,3.00,0,0,N/A,0,N/A,N/A,2,2.5,2.5,2.0,N/A,147,N/A,2011
470,Clyde Gates,MIA,WR,25,15,0,0,0,0,0,0,1,4,4.00,0,N/A,2,19,9.50,0,0,N/A,0,N/A,N/A,2,4.3,4.3,3.3,N/A,177,N/A,2011
471,Garrett Graham,HOU,RB,25,7,0,0,0,0,0,0,0,0,N/A,0,2,1,24,24.00,0,0,N/A,0,N/A,N/A,2,3.4,3.4,2.9,N/A,141,N/A,2011
472,Alex Green,GNB,RB,23,4,0,0,0,0,0,0,3,11,3.67,0,1,1,6,6.00,0,0,N/A,0,N/A,N/A,2,2.7,2.7,2.2,N/A,146,N/A,2011
473,Virgil Green,DEN,TE,23,15,3,0,0,0,0,0,0,0,N/A,0,5,3,24,8.00,0,0,N/A,0,N/A,N/A,2,5.4,5.4,3.9,N/A,87,N/A,2011
474,Roscoe Parrish,BUF,WR,29,2,2,0,0,0,0,0,0,0,N/A,0,4,1,16,16.00,0,0,N/A,0,N/A,N/A,2,2.6,2.6,2.1,N/A,180,N/A,2011
475,Justin Peelle,SFO,TE,32,14,2,0,0,0,0,0,0,0,N/A,0,4,1,19,19.00,0,0,N/A,0,N/A,N/A,2,2.9,2.9,2.4,N/A,88,N/A,2011
476,Cedric Peerman,CIN,RB,25,15,0,0,0,0,0,0,3,15,5.00,0,1,0,0,N/A,0,0,N/A,0,N/A,N/A,2,1.5,1.5,1.5,N/A,148,N/A,2011
477,Chris Pressley,CIN,RB,25,15,10,0,0,0,0,0,0,0,N/A,0,5,3,19,6.33,0,0,N/A,0,N/A,N/A,2,4.9,4.9,3.4,N/A,144,N/A,2011
478,Mike Sellers,WAS,TE,36,12,0,0,0,0,0,0,0,0,N/A,0,2,1,15,15.00,0,0,N/A,0,N/A,N/A,2,2.5,2.5,2.0,N/A,90,N/A,2011
479,Chansi Stuckey,ARI,WR,28,9,0,0,0,0,0,0,0,0,N/A,0,8,4,39,9.75,0,1,1,0,N/A,N/A,2,5.9,6.9,3.9,N/A,179,N/A,2011
480,Brett Swain,SFO,WR,26,5,1,0,0,0,0,0,0,0,N/A,0,7,2,15,7.50,0,0,N/A,0,N/A,N/A,2,3.5,3.5,2.5,N/A,181,N/A,2011
481,Brandon Tate,CIN,N/A,24,16,0,0,0,0,0,0,0,0,N/A,0,0,0,0,N/A,0,3,2,1,N/A,N/A,2,2.0,4.0,2.0,N/A,178,N/A,2011
482,David Thomas,NOR,TE,28,5,2,0,0,0,0,0,0,0,N/A,0,9,5,16,3.20,0,0,N/A,0,N/A,N/A,2,6.6,6.6,4.1,N/A,89,N/A,2011
483,Josh Vaughan,CAR,RB,25,7,0,0,0,0,0,0,7,24,3.43,0,0,0,0,N/A,0,0,N/A,0,N/A,N/A,2,2.4,2.4,2.4,N/A,142,N/A,2011
484,Eddie Williams,2TM,RB,24,6,0,0,0,0,0,0,2,2,1.00,0,1,1,17,17.00,0,0,N/A,0,N/A,N/A,2,2.9,2.9,2.4,N/A,145,N/A,2011
485,Anthony Allen,BAL,RB,23,5,0,0,0,0,0,0,3,8,2.67,0,0,0,0,N/A,0,0,N/A,0,N/A,N/A,1,0.8,0.8,0.8,N/A,155,N/A,2011
486,Emmanuel Arceneaux,MIN,WR,24,3,0,0,0,0,0,0,0,0,N/A,0,2,1,10,10.00,0,0,N/A,0,N/A,N/A,1,2.0,2.0,1.5,N/A,186,N/A,2011
487,David Ausberry,OAK,TE,24,12,0,0,0,0,0,0,1,-2,-2.00,0,2,2,14,7.00,0,0,N/A,0,N/A,N/A,1,3.2,3.2,2.2,N/A,92,N/A,2011
488,Allen Bradford,TAM,RB,23,1,0,0,0,0,0,0,5,13,2.60,0,0,0,0,N/A,0,0,N/A,0,N/A,N/A,1,1.3,1.3,1.3,N/A,149,N/A,2011
489,Aaron Brown,DET,RB,26,1,0,0,0,0,0,0,1,0,0.00,0,1,1,9,9.00,0,0,N/A,0,N/A,N/A,1,1.9,1.9,1.4,N/A,152,N/A,2011
490,Mark Brunell,NYJ,QB,41,16,0,1,3,27,0,0,0,0,N/A,0,0,0,0,N/A,0,0,N/A,0,N/A,N/A,1,1.1,1.1,1.1,N/A,67,N/A,2011
491,Shaun Chapas,DAL,RB,23,3,0,0,0,0,0,0,0,0,N/A,0,1,1,9,9.00,0,0,N/A,0,N/A,N/A,1,1.9,1.9,1.4,N/A,153,N/A,2011
492,Mike Cox,ATL,RB,26,9,5,0,0,0,0,0,0,0,N/A,0,3,2,8,4.00,0,1,N/A,0,N/A,N/A,1,2.8,2.8,1.8,N/A,156,N/A,2011
493,Chase Daniel,NOR,QB,25,16,0,4,5,29,0,0,3,-3,-1.00,0,0,0,0,N/A,0,0,N/A,0,N/A,N/A,1,0.9,0.9,0.9,N/A,69,N/A,2011
494,Ryan D'Imperio,MIN,RB,24,12,1,0,0,0,0,0,0,0,N/A,0,6,2,7,3.50,0,0,N/A,0,N/A,N/A,1,2.7,2.7,1.7,N/A,157,N/A,2011
495,Armanti Edwards,CAR,WR,23,16,0,1,1,11,0,0,1,5,5.00,0,0,0,0,N/A,0,0,N/A,0,N/A,N/A,1,0.9,0.9,0.9,N/A,187,N/A,2011
496,Anthony Hill,IND,TE,26,7,2,0,0,0,0,0,0,0,N/A,0,3,2,10,5.00,0,0,N/A,0,N/A,N/A,1,3.0,3.0,2.0,N/A,93,N/A,2011
497,Shaun Hill,DET,QB,31,2,0,2,3,33,0,0,1,-1,-1.00,0,0,0,0,N/A,0,0,N/A,0,N/A,N/A,1,1.2,1.2,1.2,N/A,65,N/A,2011
498,Jeremy Horne,KAN,WR,25,9,0,0,0,0,0,0,1,5,5.00,0,2,0,0,N/A,0,0,N/A,0,N/A,N/A,1,0.5,0.5,0.5,N/A,191,N/A,2011
499,Brian Hoyer,NWE,QB,26,3,0,1,1,22,0,0,4,-3,-0.75,0,0,0,0,N/A,0,0,N/A,0,N/A,N/A,1,0.6,0.6,0.6,N/A,70,N/A,2011
500,Colin Kaepernick,SFO,QB,24,3,0,3,5,35,0,0,2,-2,-1.00,0,0,0,0,N/A,0,0,N/A,0,N/A,N/A,1,1.2,1.2,1.2,N/A,66,N/A,2011
501,Reggie Kelly,ATL,TE,34,16,2,0,0,0,0,0,0,0,N/A,0,2,1,7,7.00,0,0,N/A,0,N/A,N/A,1,1.7,1.7,1.2,N/A,95,N/A,2011
502,Stefan Logan,DET,WR,30,16,1,0,0,0,0,0,9,32,3.56,0,1,1,19,19.00,0,6,2,0,N/A,N/A,1,2.1,4.1,1.6,N/A,184,N/A,2011
503,Ryan Mahaffey,IND,RB,24,5,0,0,0,0,0,0,0,0,N/A,0,1,1,5,5.00,0,0,N/A,0,N/A,N/A,1,1.5,1.5,1.0,N/A,158,N/A,2011
504,Jeron Mastrud,MIA,TE,24,14,3,0,0,0,0,0,0,0,N/A,0,2,1,8,8.00,0,0,N/A,0,N/A,N/A,1,1.8,1.8,1.3,N/A,94,N/A,2011
505,Reagan Maui'a,ARI,RB,27,3,3,0,0,0,0,0,0,0,N/A,0,1,1,12,12.00,0,0,N/A,0,N/A,N/A,1,2.2,2.2,1.7,N/A,150,N/A,2011
506,Allen Reisner,MIN,TE,23,6,0,0,0,0,0,0,0,0,N/A,0,1,1,5,5.00,0,0,N/A,0,N/A,N/A,1,1.5,1.5,1.0,N/A,96,N/A,2011
507,Da'Rel Scott,NYG,RB,23,11,0,0,0,0,0,0,5,16,3.20,0,2,2,13,6.50,0,1,1,0,N/A,N/A,1,2.9,3.9,1.9,N/A,154,N/A,2011
508,Jordan Shipley,CIN,WR,26,2,0,0,0,0,0,0,0,0,N/A,0,5,4,14,3.50,0,1,N/A,0,N/A,N/A,1,5.4,5.4,3.4,N/A,182,N/A,2011
509,Lee Smith,BUF,WR,24,10,3,0,0,0,0,0,0,0,N/A,0,4,4,11,2.75,0,0,N/A,0,N/A,N/A,1,5.1,5.1,3.1,N/A,185,N/A,2011
510,Micheal Spurlock,TAM,WR,28,12,0,0,1,0,0,0,0,0,N/A,0,6,2,13,6.50,0,0,N/A,0,N/A,N/A,1,3.3,3.3,2.3,N/A,183,N/A,2011
511,Brandon Stokley,NYG,WR,35,2,0,0,0,0,0,0,0,0,N/A,0,3,1,7,7.00,0,0,N/A,0,N/A,N/A,1,1.7,1.7,1.2,N/A,189,N/A,2011
512,Maurice Stovall,DET,WR,26,15,0,0,0,0,0,0,0,0,N/A,0,3,1,8,8.00,0,0,N/A,0,N/A,N/A,1,1.8,1.8,1.3,N/A,188,N/A,2011
513,Tyrod Taylor,BAL,QB,22,3,0,1,1,18,0,0,1,2,2.00,0,0,0,0,N/A,0,0,N/A,0,N/A,N/A,1,0.9,0.9,0.9,N/A,68,N/A,2011
514,Julius Thomas,DEN,TE,23,5,1,0,0,0,0,0,0,0,N/A,0,7,1,5,5.00,0,0,N/A,0,N/A,N/A,1,1.5,1.5,1.0,N/A,97,N/A,2011
515,Chauncey Washington,DAL,RB,26,2,0,0,0,0,0,0,1,-1,-1.00,0,3,2,13,6.50,0,0,N/A,0,N/A,N/A,1,3.2,3.2,2.2,N/A,151,N/A,2011
516,D.J. Williams,GNB,TE,23,13,0,0,0,0,0,0,0,0,N/A,0,4,2,13,6.50,0,0,N/A,0,N/A,N/A,1,3.3,3.3,2.3,N/A,91,N/A,2011
517,George Wilson,BUF,WR,30,13,13,0,0,0,0,0,1,6,6.00,0,0,0,0,N/A,0,0,N/A,0,N/A,N/A,1,0.6,0.6,0.6,N/A,190,N/A,2011
518,Darvin Adams,CAR,N/A,21,2,0,0,0,0,0,0,0,0,N/A,0,N/A,0,0,N/A,0,N/A,N/A,0,N/A,N/A,N/A,N/A,N/A,N/A,N/A,193,N/A,2011
519,Kyle Adams,CHI,N/A,23,8,0,0,0,0,0,0,0,0,N/A,0,N/A,0,0,N/A,0,0,N/A,0,N/A,N/A,N/A,N/A,N/A,N/A,N/A,103,N/A,2011
520,Kamar Aiken,BUF,N/A,22,2,0,0,0,0,0,0,0,0,N/A,0,0,0,0,N/A,0,N/A,N/A,0,N/A,N/A,N/A,N/A,N/A,N/A,N/A,194,N/A,2011
521,Seyi Ajirotutu,CAR,WR,24,14,0,0,0,0,0,0,0,0,N/A,0,2,1,4,4.00,0,0,N/A,0,N/A,N/A,N/A,1.4,1.4,0.9,N/A,192,N/A,2011
522,Derek Anderson,CAR,QB,28,2,0,0,0,0,0,0,2,-2,-1.00,0,0,0,0,N/A,0,0,N/A,0,N/A,N/A,N/A,-0.2,-0.2,-0.2,N/A,75,N/A,2011
523,Arnaz Battle,PIT,N/A,31,10,0,0,0,0,0,0,0,0,N/A,0,1,0,0,N/A,0,N/A,N/A,0,N/A,N/A,N/A,N/A,N/A,N/A,N/A,195,N/A,2011
524,Tom Brandstater,STL,QB,27,1,0,0,2,0,0,0,0,0,N/A,0,0,0,0,N/A,0,0,N/A,0,N/A,N/A,N/A,N/A,N/A,N/A,N/A,72,N/A,2011
525,Eldra Buckley,DET,N/A,26,2,0,N/A,N/A,N/A,N/A,N/A,N/A,N/A,N/A,N/A,N/A,N/A,N/A,N/A,N/A,N/A,N/A,0,N/A,N/A,N/A,N/A,N/A,N/A,N/A,170,N/A,2011
526,Dominique Byrd,2TM,N/A,27,3,0,0,0,0,0,0,0,0,N/A,0,0,0,0,N/A,0,0,N/A,0,N/A,N/A,N/A,N/A,N/A,N/A,N/A,104,N/A,2011
527,Rudy Carpenter,TAM,N/A,25,1,0,0,0,0,0,0,0,0,N/A,0,N/A,0,0,N/A,0,N/A,N/A,0,N/A,N/A,N/A,N/A,N/A,N/A,N/A,73,N/A,2011
528,Michael Clayton,NYG,N/A,29,5,0,0,0,0,0,0,0,0,N/A,0,1,0,0,N/A,0,N/A,N/A,0,N/A,N/A,N/A,N/A,N/A,N/A,N/A,196,N/A,2011
529,Kevin Cone,ATL,N/A,23,1,0,0,0,0,0,0,0,0,N/A,0,N/A,0,0,N/A,0,N/A,N/A,0,N/A,N/A,N/A,N/A,N/A,N/A,N/A,197,N/A,2011
530,Dominique Curry,STL,N/A,24,16,0,0,0,0,0,0,0,0,N/A,0,0,0,0,N/A,0,0,N/A,0,N/A,N/A,N/A,N/A,N/A,N/A,N/A,198,N/A,2011
531,Tandon Doss,BAL,N/A,22,6,0,0,0,0,0,0,0,0,N/A,0,2,0,0,N/A,0,N/A,N/A,0,N/A,N/A,N/A,N/A,N/A,N/A,N/A,199,N/A,2011
532,Shaun Draughn,KAN,N/A,24,1,0,0,0,0,0,0,0,0,N/A,0,N/A,0,0,N/A,0,N/A,N/A,0,N/A,N/A,N/A,N/A,N/A,N/A,N/A,163,N/A,2011
533,Darren Evans,IND,N/A,23,2,0,0,0,0,0,0,0,0,N/A,0,N/A,0,0,N/A,0,N/A,N/A,0,N/A,N/A,N/A,N/A,N/A,N/A,N/A,164,N/A,2011
534,Collin Franklin,TAM,N/A,23,2,0,0,0,0,0,0,0,0,N/A,0,2,0,0,N/A,0,N/A,N/A,0,N/A,N/A,N/A,N/A,N/A,N/A,N/A,105,N/A,2011
535,Anthony Gonzalez,IND,N/A,27,8,0,0,0,0,0,0,0,0,N/A,0,2,0,0,N/A,0,N/A,N/A,0,N/A,N/A,N/A,N/A,N/A,N/A,N/A,200,N/A,2011
536,Mike Goodson,CAR,RB,24,4,0,0,0,0,0,0,0,0,N/A,0,3,1,4,4.00,0,0,N/A,0,N/A,N/A,N/A,1.4,1.4,0.9,N/A,159,N/A,2011
537,Richard Gordon,OAK,TE,24,14,1,0,0,0,0,0,0,0,N/A,0,1,1,2,2.00,0,0,N/A,0,N/A,N/A,N/A,1.2,1.2,0.7,N/A,100,N/A,2011
538,Chris Gronkowski,IND,N/A,25,7,0,0,0,0,0,0,0,0,N/A,0,0,0,0,N/A,0,N/A,N/A,0,N/A,N/A,N/A,N/A,N/A,N/A,N/A,165,N/A,2011
539,Dan Gronkowski,2TM,N/A,26,7,1,0,0,0,0,0,0,0,N/A,0,0,0,0,N/A,0,N/A,N/A,0,N/A,N/A,N/A,N/A,N/A,N/A,N/A,106,N/A,2011
540,Clark Harris,CIN,N/A,27,16,0,0,0,0,0,0,0,0,N/A,0,N/A,0,0,N/A,0,N/A,N/A,0,N/A,N/A,N/A,N/A,N/A,N/A,N/A,107,N/A,2011
541,Dwayne Harris,DAL,N/A,24,7,0,0,0,0,0,0,0,0,N/A,0,0,0,0,N/A,0,0,N/A,0,N/A,N/A,N/A,N/A,N/A,N/A,N/A,201,N/A,2011
542,Ben Hartsock,CAR,N/A,31,15,2,0,0,0,0,0,0,0,N/A,0,0,0,0,N/A,0,0,N/A,0,N/A,N/A,N/A,N/A,N/A,N/A,N/A,108,N/A,2011
543,Joe Hastings,SFO,N/A,24,1,0,0,0,0,0,0,0,0,N/A,0,1,0,0,N/A,0,N/A,N/A,0,N/A,N/A,N/A,N/A,N/A,N/A,N/A,202,N/A,2011
544,Michael Higgins,NOR,TE,24,2,0,0,0,0,0,0,0,0,N/A,0,1,1,4,4.00,0,0,N/A,0,N/A,N/A,N/A,1.4,1.4,0.9,N/A,98,N/A,2011
545,Trindon Holliday,HOU,N/A,25,1,0,0,0,0,0,0,0,0,N/A,0,0,0,0,N/A,0,0,N/A,0,N/A,N/A,N/A,N/A,N/A,N/A,N/A,203,N/A,2011
546,Brian Jennings*,SFO,N/A,35,16,0,0,0,0,0,0,0,0,N/A,0,N/A,0,0,N/A,0,N/A,N/A,0,N/A,N/A,N/A,N/A,N/A,N/A,N/A,109,N/A,2011
547,Jerrel Jernigan,NYG,N/A,22,8,0,0,0,0,0,0,0,0,N/A,0,2,0,0,N/A,0,0,N/A,0,N/A,N/A,N/A,N/A,N/A,N/A,N/A,204,N/A,2011
548,Jaymar Johnson,ARI,N/A,27,1,0,0,0,0,0,0,0,0,N/A,0,N/A,0,0,N/A,0,N/A,N/A,0,N/A,N/A,N/A,N/A,N/A,N/A,N/A,205,N/A,2011
549,Larry Johnson,MIA,RB,32,1,0,0,0,0,0,0,1,2,2.00,0,0,0,0,N/A,0,0,N/A,0,N/A,N/A,N/A,0.2,0.2,0.2,N/A,161,N/A,2011
550,Mike Kafka,PHI,QB,24,4,0,11,16,107,0,2,3,0,0.00,0,0,0,0,N/A,0,0,N/A,0,N/A,N/A,N/A,0.3,2.3,2.3,N/A,71,N/A,2011
551,Jim Kleinsasser,MIN,TE,34,16,11,0,0,0,0,0,0,0,N/A,0,6,1,4,4.00,0,0,N/A,0,N/A,N/A,N/A,1.4,1.4,0.9,N/A,99,N/A,2011
552,Max Komar,CHI,N/A,24,2,0,0,0,0,0,0,0,0,N/A,0,N/A,0,0,N/A,0,N/A,N/A,0,N/A,N/A,N/A,N/A,N/A,N/A,N/A,206,N/A,2011
553,Jameson Konz,SEA,N/A,25,1,0,0,0,0,0,0,0,0,N/A,0,N/A,0,0,N/A,0,N/A,N/A,0,N/A,N/A,N/A,N/A,N/A,N/A,N/A,110,N/A,2011
554,Mike Leach,ARI,N/A,35,16,0,0,0,0,0,0,0,0,N/A,0,0,0,0,N/A,0,N/A,N/A,0,N/A,N/A,N/A,N/A,N/A,N/A,N/A,111,N/A,2011
555,Jeff Maehl,HOU,N/A,22,3,0,0,0,0,0,0,0,0,N/A,0,1,0,0,N/A,0,N/A,N/A,0,N/A,N/A,N/A,N/A,N/A,N/A,N/A,207,N/A,2011
556,Steve Maneri,KAN,TE,23,6,1,0,0,0,0,0,0,0,N/A,0,2,1,1,1.00,0,0,N/A,0,N/A,N/A,N/A,1.1,1.1,0.6,N/A,102,N/A,2011
557,David Martin,BUF,N/A,32,3,0,N/A,N/A,N/A,N/A,N/A,N/A,N/A,N/A,N/A,N/A,N/A,N/A,N/A,N/A,N/A,N/A,0,N/A,N/A,N/A,N/A,N/A,N/A,N/A,121,N/A,2011
558,Corey McIntyre,BUF,RB,32,16,1,0,0,0,0,0,0,0,N/A,0,1,1,4,4.00,0,0,N/A,0,N/A,N/A,N/A,1.4,1.4,0.9,N/A,160,N/A,2011
559,Mike McNeill,IND,N/A,23,4,0,N/A,N/A,N/A,N/A,N/A,N/A,N/A,N/A,N/A,N/A,N/A,N/A,N/A,N/A,N/A,N/A,0,N/A,N/A,N/A,N/A,N/A,N/A,N/A,122,N/A,2011
560,Richard Medlin,MIA,N/A,24,1,0,0,0,0,0,0,0,0,N/A,0,N/A,0,0,N/A,0,N/A,N/A,0,N/A,N/A,N/A,N/A,N/A,N/A,N/A,166,N/A,2011
561,Kerry Meier,ATL,N/A,25,12,0,0,0,0,0,0,0,0,N/A,0,1,0,0,N/A,0,N/A,N/A,0,N/A,N/A,N/A,N/A,N/A,N/A,N/A,208,N/A,2011
562,Marlon Moore,MIA,N/A,24,6,0,0,0,0,0,0,0,0,N/A,0,0,0,0,N/A,0,N/A,N/A,0,N/A,N/A,N/A,N/A,N/A,N/A,N/A,209,N/A,2011
563,Rob Myers,WAS,N/A,25,1,0,0,0,0,0,0,0,0,N/A,0,N/A,0,0,N/A,0,N/A,N/A,0,N/A,N/A,N/A,N/A,N/A,N/A,N/A,112,N/A,2011
564,Jamar Newsome,JAX,N/A,24,2,0,0,0,0,0,0,0,0,N/A,0,1,0,0,N/A,0,N/A,N/A,0,N/A,N/A,N/A,N/A,N/A,N/A,N/A,210,N/A,2011
565,Moran Norris,SFO,N/A,33,5,2,0,0,0,0,0,0,0,N/A,0,N/A,0,0,N/A,0,N/A,N/A,0,N/A,N/A,N/A,N/A,N/A,N/A,N/A,3,N/A,2011
566,Fendi Onobun,JAX,N/A,25,1,0,0,0,0,0,0,0,0,N/A,0,1,0,0,N/A,0,N/A,N/A,0,N/A,N/A,N/A,N/A,N/A,N/A,N/A,113,N/A,2011
567,Lousaka Polite,NWE,N/A,30,1,0,0,0,0,0,0,0,0,N/A,0,0,0,0,N/A,0,N/A,N/A,0,N/A,N/A,N/A,N/A,N/A,N/A,N/A,167,N/A,2011
568,Quinn Porter,STL,N/A,25,12,0,0,0,0,0,0,0,0,N/A,0,1,0,0,N/A,0,1,N/A,0,N/A,N/A,N/A,N/A,N/A,N/A,N/A,168,N/A,2011
569,Julius Pruitt,MIA,N/A,26,9,0,0,0,0,0,0,0,0,N/A,0,0,0,0,N/A,0,N/A,N/A,0,N/A,N/A,N/A,N/A,N/A,N/A,N/A,211,N/A,2011
570,Terrelle Pryor,OAK,N/A,22,1,0,0,0,0,0,0,0,0,N/A,0,0,0,0,N/A,0,N/A,N/A,0,N/A,N/A,N/A,N/A,N/A,N/A,N/A,74,N/A,2011
571,Richard Quinn,WAS,N/A,25,1,0,0,0,0,0,0,0,0,N/A,0,N/A,0,0,N/A,0,N/A,N/A,0,N/A,N/A,N/A,N/A,N/A,N/A,N/A,114,N/A,2011
572,Courtney Roby,NOR,N/A,28,16,0,0,0,0,0,0,0,0,N/A,0,0,0,0,N/A,0,N/A,N/A,0,N/A,N/A,N/A,N/A,N/A,N/A,N/A,212,N/A,2011
573,Martin Rucker,2TM,N/A,26,2,0,0,0,0,0,0,0,0,N/A,0,1,0,0,N/A,0,N/A,N/A,0,N/A,N/A,N/A,N/A,N/A,N/A,N/A,115,N/A,2011
574,Antone Smith,ATL,N/A,26,12,0,0,0,0,0,0,0,0,N/A,0,0,0,0,N/A,0,N/A,N/A,0,N/A,N/A,N/A,N/A,N/A,N/A,N/A,169,N/A,2011
575,Armond Smith,CLE,RB,25,3,0,0,0,0,0,0,3,2,0.67,0,1,0,0,N/A,0,0,N/A,0,N/A,N/A,N/A,0.2,0.2,0.2,N/A,162,N/A,2011
576,Justin Snow,IND,N/A,35,16,0,0,0,0,0,0,0,0,N/A,0,0,0,0,N/A,0,N/A,N/A,0,N/A,N/A,N/A,N/A,N/A,N/A,N/A,116,N/A,2011
577,Nate Solder,NWE,N/A,23,16,13,0,0,0,0,0,0,0,N/A,0,0,0,0,N/A,0,N/A,N/A,0,N/A,N/A,N/A,N/A,N/A,N/A,N/A,117,N/A,2011
578,Stephen Spach,STL,TE,29,10,1,0,0,0,0,0,0,0,N/A,0,3,2,2,1.00,0,0,N/A,0,N/A,N/A,N/A,2.2,2.2,1.2,N/A,101,N/A,2011
579,Tyler Thigpen,BUF,QB,27,3,0,3,8,25,0,1,1,8,8.00,0,0,0,0,N/A,0,0,N/A,0,N/A,N/A,N/A,-0.2,0.8,0.8,N/A,76,N/A,2011
580,Roberto Wallace,MIA,N/A,25,2,0,0,0,0,0,0,0,0,N/A,0,N/A,0,0,N/A,0,N/A,N/A,0,N/A,N/A,N/A,N/A,N/A,N/A,N/A,213,N/A,2011
581,Blair White,IND,N/A,24,7,0,0,0,0,0,0,0,0,N/A,0,0,0,0,N/A,0,0,N/A,0,N/A,N/A,N/A,N/A,N/A,N/A,N/A,214,N/A,2011
582,Chris Williams,CHI,N/A,26,9,9,0,0,0,0,0,0,0,N/A,0,0,0,0,N/A,0,N/A,N/A,0,N/A,N/A,N/A,N/A,N/A,N/A,N/A,215,N/A,2011
583,Stephen Williams,ARI,N/A,25,2,0,0,0,0,0,0,0,0,N/A,0,N/A,0,0,N/A,0,N/A,N/A,0,N/A,N/A,N/A,N/A,N/A,N/A,N/A,216,N/A,2011
584,Kris Wilson,BAL,N/A,30,15,0,0,0,0,0,0,0,0,N/A,0,0,0,0,N/A,0,N/A,N/A,0,N/A,N/A,N/A,N/A,N/A,N/A,N/A,118,N/A,2011
585,Will Yeatman,MIA,N/A,23,3,2,0,0,0,0,0,0,0,N/A,0,1,0,0,N/A,0,N/A,N/A,0,N/A,N/A,N/A,N/A,N/A,N/A,N/A,119,N/A,2011
586,Joe Zelenka,ATL,N/A,35,16,0,0,0,0,0,0,0,0,N/A,0,N/A,0,0,N/A,0,N/A,N/A,0,N/A,N/A,N/A,N/A,N/A,N/A,N/A,120,N/A,2011
587,Billy Volek,SDG,QB,35,2,0,0,0,0,0,0,5,-5,-1.00,0,0,0,0,N/A,0,0,N/A,0,N/A,N/A,-1,-0.5,-0.5,-0.5,N/A,77,N/A,2011
588,Quan Cosby,DEN,N/A,29,10,0,0,0,0,0,0,0,0,N/A,0,0,0,0,N/A,0,2,1,0,N/A,N/A,-2,-2.0,-1.0,-2.0,N/A,217,N/A,2011
589,David Reed,BAL,WR,24,11,0,0,0,0,0,0,1,16,16.00,0,2,0,0,N/A,0,3,2,0,N/A,N/A,-2,-2.4,-0.4,-2.4,N/A,218,N/A,2011
